user_id,exercise_id,performed_on,session_no,sex,age_years,height_cm,experience_months,goal,muscle_group,movement_pattern,equipment,is_compound,load_increment_kg,top_weight_kg,avg_reps,avg_rir,min_rir,n_sets,n_sets_with_rir,total_volume_kg,top_e1rm_kg,prev1_weight_kg,prev2_weight_kg,prev3_weight_kg,prev1_avg_rir,prev2_avg_rir,prev1_volume_kg,prev1_e1rm_kg,days_since_prev_session,pct_change_vs_prev,days_to_next_session,sleep_h_7d,bodyweight_7d_kg,kcal_7d,kcal_target_7d,kcal_balance_7d,protein_7d,protein_g_per_kg_7d,days_logged_7d,target_next_weight_kg,target_delta_kg
sim-000,elevaciones-laterales,9,1,F,20.8,166.3,18.630414746543778,recomp,hombro,aislamiento,mancuerna,False,2.0,4.0,8,0.0,0.0,3,3,96.0,5.066666666666666,,,,,,,,,,2.0,7.35,74.65,1665,1627,38,79.2,1.06,7,4.0,0.0
sim-000,elevaciones-laterales,11,2,F,20.8,166.3,18.630414746543778,recomp,hombro,aislamiento,mancuerna,False,2.0,4.0,7,0.0,0.0,3,3,84.0,4.933333333333334,4.0,,,0.0,,96.0,5.066666666666666,2.0,0.0,7.0,7.35,74.65,1665,1627,38,79.2,1.06,7,2.0,-2.0
sim-000,elevaciones-laterales,18,3,F,20.8,166.3,18.860829493087557,recomp,hombro,aislamiento,mancuerna,False,2.0,2.0,12,6.0,6.0,3,3,72.0,2.8,4.0,4.0,,0.0,0.0,84.0,4.933333333333334,7.0,-50.0,3.0,7.67,74.86,1728,1627,101,93.0,1.24,7,6.0,4.0
sim-000,elevaciones-laterales,21,4,F,20.8,166.3,19.091244239631337,recomp,hombro,aislamiento,mancuerna,False,2.0,6.0,1,0.0,0.0,3,3,18.0,6.200000000000001,2.0,4.0,4.0,6.0,0.0,72.0,2.8,3.0,200.0,2.0,7.51,74.79,1649,1627,22,70.1,0.94,7,6.0,0.0
sim-000,elevaciones-laterales,23,5,F,20.8,166.3,19.091244239631337,recomp,hombro,aislamiento,mancuerna,False,2.0,6.0,1,1.0,1.0,3,3,18.0,6.200000000000001,6.0,2.0,4.0,0.0,6.0,18.0,6.200000000000001,2.0,0.0,2.0,7.51,74.79,1649,1627,22,70.1,0.94,7,2.0,-4.0
sim-000,elevaciones-laterales,25,6,F,20.8,166.3,19.091244239631337,recomp,hombro,aislamiento,mancuerna,False,2.0,2.0,12,6.0,6.0,3,3,72.0,2.8,6.0,6.0,2.0,1.0,0.0,18.0,6.200000000000001,2.0,-66.67,3.0,7.51,74.79,1649,1627,22,70.1,0.94,7,6.0,4.0
sim-000,elevaciones-laterales,28,7,F,20.8,166.3,19.321658986175112,recomp,hombro,aislamiento,mancuerna,False,2.0,6.0,1,0.0,0.0,3,3,18.0,6.200000000000001,2.0,6.0,6.0,6.0,1.0,72.0,2.8,3.0,200.0,2.0,7.41,75.02,1672,1627,45,80.0,1.07,7,6.0,0.0
sim-000,elevaciones-laterales,30,8,F,20.8,166.3,19.321658986175112,recomp,hombro,aislamiento,mancuerna,False,2.0,6.0,1,0.0,0.0,3,3,18.0,6.200000000000001,6.0,2.0,6.0,0.0,6.0,18.0,6.200000000000001,2.0,0.0,5.0,7.41,75.02,1672,1627,45,80.0,1.07,7,4.0,-2.0
sim-000,elevaciones-laterales,35,9,F,20.8,166.3,19.552073732718892,recomp,hombro,aislamiento,mancuerna,False,2.0,4.0,7,0.0,0.0,3,3,84.0,4.933333333333334,6.0,6.0,2.0,0.0,0.0,18.0,6.200000000000001,5.0,-33.33,2.0,8.18,74.99,1560,1627,-67,89.7,1.2,7,4.0,0.0
sim-000,elevaciones-laterales,37,10,F,20.8,166.3,19.552073732718892,recomp,hombro,aislamiento,mancuerna,False,2.0,4.0,7,1.0,1.0,3,3,84.0,4.933333333333334,4.0,6.0,6.0,0.0,0.0,84.0,4.933333333333334,2.0,0.0,2.0,8.18,74.99,1560,1627,-67,89.7,1.2,7,2.0,-2.0
sim-000,elevaciones-laterales,39,11,F,20.8,166.3,19.552073732718892,recomp,hombro,aislamiento,mancuerna,False,2.0,2.0,12,6.0,6.0,3,3,72.0,2.8,4.0,4.0,6.0,1.0,0.0,84.0,4.933333333333334,2.0,-50.0,3.0,8.18,74.99,1560,1627,-67,89.7,1.2,7,6.0,4.0
sim-000,elevaciones-laterales,42,12,F,20.8,166.3,19.78248847926267,recomp,hombro,aislamiento,mancuerna,False,2.0,6.0,1,0.0,0.0,3,3,18.0,6.200000000000001,2.0,4.0,4.0,6.0,1.0,72.0,2.8,3.0,200.0,4.0,7.08,74.92,1616,1627,-11,73.0,0.97,7,6.0,0.0
sim-000,elevaciones-laterales,46,13,F,20.8,166.3,19.78248847926267,recomp,hombro,aislamiento,mancuerna,False,2.0,6.0,1,0.0,0.0,3,3,18.0,6.200000000000001,6.0,2.0,4.0,0.0,6.0,18.0,6.200000000000001,4.0,0.0,7.0,7.08,74.92,1616,1627,-11,73.0,0.97,7,4.0,-2.0
sim-000,elevaciones-laterales,53,14,F,20.8,166.3,20.01290322580645,recomp,hombro,aislamiento,mancuerna,False,2.0,4.0,8,0.0,0.0,3,3,96.0,5.066666666666666,6.0,6.0,2.0,0.0,0.0,18.0,6.200000000000001,7.0,-33.33,5.0,6.51,74.89,1631,1627,4,79.7,1.06,7,4.0,0.0
sim-000,elevaciones-laterales,58,15,F,20.8,166.3,20.24331797235023,recomp,hombro,aislamiento,mancuerna,False,2.0,4.0,7,1.0,1.0,3,3,84.0,4.933333333333334,4.0,6.0,6.0,0.0,0.0,96.0,5.066666666666666,5.0,0.0,5.0,7.58,74.86,1695,1627,68,84.3,1.13,7,2.0,-2.0
sim-000,elevaciones-laterales,63,16,F,20.8,166.3,20.47373271889401,recomp,hombro,aislamiento,mancuerna,False,2.0,2.0,12,6.0,6.0,3,3,72.0,2.8,4.0,4.0,6.0,1.0,0.0,84.0,4.933333333333334,5.0,-50.0,2.0,6.32,74.92,1746,1627,119,105.1,1.4,7,6.0,4.0
sim-000,elevaciones-laterales,65,17,F,20.8,166.3,20.47373271889401,recomp,hombro,aislamiento,mancuerna,False,2.0,6.0,1,0.0,0.0,3,3,18.0,6.200000000000001,2.0,4.0,4.0,6.0,1.0,72.0,2.8,2.0,200.0,7.0,6.32,74.92,1746,1627,119,105.1,1.4,7,6.0,0.0
sim-000,elevaciones-laterales,72,18,F,20.8,166.3,20.704147465437785,recomp,hombro,aislamiento,mancuerna,False,2.0,6.0,1,0.0,0.0,3,3,18.0,6.200000000000001,6.0,2.0,4.0,0.0,6.0,18.0,6.200000000000001,7.0,0.0,2.0,7.81,75.35,1735,1627,108,101.6,1.35,7,4.0,-2.0
sim-000,elevaciones-laterales,74,19,F,20.8,166.3,20.704147465437785,recomp,hombro,aislamiento,mancuerna,False,2.0,4.0,8,1.0,1.0,3,3,96.0,5.066666666666666,6.0,6.0,2.0,0.0,0.0,18.0,6.200000000000001,2.0,-33.33,5.0,7.81,75.35,1735,1627,108,101.6,1.35,7,4.0,0.0
sim-000,elevaciones-laterales,79,20,F,20.8,166.3,20.934562211981564,recomp,hombro,aislamiento,mancuerna,False,2.0,4.0,8,0.0,0.0,3,3,96.0,5.066666666666666,4.0,6.0,6.0,1.0,0.0,96.0,5.066666666666666,5.0,0.0,2.0,7.84,75.73,1836,1627,209,81.2,1.07,7,2.0,-2.0
sim-000,elevaciones-laterales,81,21,F,20.8,166.3,20.934562211981564,recomp,hombro,aislamiento,mancuerna,False,2.0,2.0,12,6.0,6.0,3,3,72.0,2.8,4.0,4.0,6.0,0.0,1.0,96.0,5.066666666666666,2.0,-50.0,,7.84,75.73,1836,1627,209,81.2,1.07,7,,
sim-000,jalon-al-pecho,0,1,F,20.8,166.3,18.4,recomp,espalda,jale_vertical,polea,True,2.5,22.5,8,0.0,0.0,3,3,540.0,28.5,,,,,,,,,,7.0,7.29,74.35,1782,1627,155,112.5,1.51,7,22.5,0.0
sim-000,jalon-al-pecho,7,2,F,20.8,166.3,18.630414746543778,recomp,espalda,jale_vertical,polea,True,2.5,22.5,8,1.0,1.0,3,3,540.0,28.5,22.5,,,0.0,,540.0,28.5,7.0,0.0,2.0,7.35,74.65,1665,1627,38,79.2,1.06,7,27.5,5.0
sim-000,jalon-al-pecho,9,3,F,20.8,166.3,18.630414746543778,recomp,espalda,jale_vertical,polea,True,2.5,27.5,1,1.0,1.0,3,3,82.5,28.416666666666668,22.5,22.5,,1.0,0.0,540.0,28.5,2.0,22.22,2.0,7.35,74.65,1665,1627,38,79.2,1.06,7,27.5,0.0
sim-000,jalon-al-pecho,11,4,F,20.8,166.3,18.630414746543778,recomp,espalda,jale_vertical,polea,True,2.5,27.5,1,0.0,0.0,3,3,82.5,28.416666666666668,27.5,22.5,22.5,1.0,1.0,82.5,28.416666666666668,2.0,0.0,3.0,7.35,74.65,1665,1627,38,79.2,1.06,7,25.0,-2.5
sim-000,jalon-al-pecho,14,5,F,20.8,166.3,18.860829493087557,recomp,espalda,jale_vertical,polea,True,2.5,25.0,4,0.0,0.0,3,3,300.0,28.333333333333332,27.5,27.5,22.5,0.0,1.0,82.5,28.416666666666668,3.0,-9.09,11.0,7.67,74.86,1728,1627,101,93.0,1.24,7,25.0,0.0
sim-000,jalon-al-pecho,25,6,F,20.8,166.3,19.091244239631337,recomp,espalda,jale_vertical,polea,True,2.5,25.0,4,0.0,0.0,3,3,300.0,28.333333333333332,25.0,27.5,27.5,0.0,0.0,300.0,28.333333333333332,11.0,0.0,7.0,7.51,74.79,1649,1627,22,70.1,0.94,7,22.5,-2.5
sim-000,jalon-al-pecho,32,7,F,20.8,166.3,19.321658986175112,recomp,espalda,jale_vertical,polea,True,2.5,22.5,8,0.0,0.0,3,3,540.0,28.5,25.0,25.0,27.5,0.0,0.0,300.0,28.333333333333332,7.0,-10.0,7.0,7.41,75.02,1672,1627,45,80.0,1.07,7,22.5,0.0
sim-000,jalon-al-pecho,39,8,F,20.8,166.3,19.552073732718892,recomp,espalda,jale_vertical,polea,True,2.5,22.5,8,1.0,1.0,3,3,540.0,28.5,22.5,25.0,25.0,0.0,0.0,540.0,28.5,7.0,0.0,5.0,8.18,74.99,1560,1627,-67,89.7,1.2,7,25.0,2.5
sim-000,jalon-al-pecho,44,9,F,20.8,166.3,19.78248847926267,recomp,espalda,jale_vertical,polea,True,2.5,25.0,4,0.0,0.0,3,3,300.0,28.333333333333332,22.5,22.5,25.0,1.0,0.0,540.0,28.5,5.0,11.11,2.0,7.08,74.92,1616,1627,-11,73.0,0.97,7,25.0,0.0
sim-000,jalon-al-pecho,46,10,F,20.8,166.3,19.78248847926267,recomp,espalda,jale_vertical,polea,True,2.5,25.0,3,0.0,0.0,3,3,225.0,27.500000000000004,25.0,22.5,22.5,0.0,1.0,300.0,28.333333333333332,2.0,0.0,10.0,7.08,74.92,1616,1627,-11,73.0,0.97,7,22.5,-2.5
sim-000,jalon-al-pecho,56,11,F,20.8,166.3,20.24331797235023,recomp,espalda,jale_vertical,polea,True,2.5,22.5,8,0.0,0.0,3,3,540.0,28.5,25.0,25.0,22.5,0.0,0.0,225.0,27.500000000000004,10.0,-10.0,7.0,7.58,74.86,1695,1627,68,84.3,1.13,7,22.5,0.0
sim-000,jalon-al-pecho,63,12,F,20.8,166.3,20.47373271889401,recomp,espalda,jale_vertical,polea,True,2.5,22.5,8,0.0,0.0,3,3,540.0,28.5,22.5,25.0,25.0,0.0,0.0,540.0,28.5,7.0,0.0,2.0,6.32,74.92,1746,1627,119,105.1,1.4,7,20.0,-2.5
sim-000,jalon-al-pecho,65,13,F,20.8,166.3,20.47373271889401,recomp,espalda,jale_vertical,polea,True,2.5,20.0,8,5.0,5.0,3,3,480.0,25.333333333333332,22.5,22.5,25.0,0.0,0.0,540.0,28.5,2.0,-11.11,2.0,6.32,74.92,1746,1627,119,105.1,1.4,7,25.0,5.0
sim-000,jalon-al-pecho,67,14,F,20.8,166.3,20.47373271889401,recomp,espalda,jale_vertical,polea,True,2.5,25.0,3,0.0,0.0,3,3,225.0,27.500000000000004,20.0,22.5,22.5,5.0,0.0,480.0,25.333333333333332,2.0,25.0,3.0,6.32,74.92,1746,1627,119,105.1,1.4,7,25.0,0.0
sim-000,jalon-al-pecho,70,15,F,20.8,166.3,20.704147465437785,recomp,espalda,jale_vertical,polea,True,2.5,25.0,3,0.0,0.0,3,3,225.0,27.500000000000004,25.0,20.0,22.5,0.0,5.0,225.0,27.500000000000004,3.0,0.0,11.0,7.81,75.35,1735,1627,108,101.6,1.35,7,22.5,-2.5
sim-000,jalon-al-pecho,81,16,F,20.8,166.3,20.934562211981564,recomp,espalda,jale_vertical,polea,True,2.5,22.5,8,0.0,0.0,3,3,540.0,28.5,25.0,25.0,20.0,0.0,0.0,225.0,27.500000000000004,11.0,-10.0,,7.84,75.73,1836,1627,209,81.2,1.07,7,,
sim-000,press-banca-inclinado,4,1,F,20.8,166.3,18.4,recomp,pecho,empuje_horizontal,barra,True,2.5,27.5,8,1.0,1.0,3,3,660.0,34.83333333333333,,,,,,,,,,5.0,7.29,74.35,1782,1627,155,112.5,1.51,7,27.5,0.0
sim-000,press-banca-inclinado,9,2,F,20.8,166.3,18.630414746543778,recomp,pecho,empuje_horizontal,barra,True,2.5,27.5,8,1.0,1.0,3,3,660.0,34.83333333333333,27.5,,,1.0,,660.0,34.83333333333333,5.0,0.0,7.0,7.35,74.65,1665,1627,38,79.2,1.06,7,27.5,0.0
sim-000,press-banca-inclinado,16,3,F,20.8,166.3,18.860829493087557,recomp,pecho,empuje_horizontal,barra,True,2.5,27.5,7,1.0,1.0,3,3,577.5,33.91666666666667,27.5,27.5,,1.0,1.0,660.0,34.83333333333333,7.0,0.0,2.0,7.67,74.86,1728,1627,101,93.0,1.24,7,27.5,0.0
sim-000,press-banca-inclinado,18,4,F,20.8,166.3,18.860829493087557,recomp,pecho,empuje_horizontal,barra,True,2.5,27.5,7,0.0,0.0,3,3,577.5,33.91666666666667,27.5,27.5,27.5,1.0,1.0,577.5,33.91666666666667,2.0,0.0,3.0,7.67,74.86,1728,1627,101,93.0,1.24,7,25.0,-2.5
sim-000,press-banca-inclinado,21,5,F,20.8,166.3,19.091244239631337,recomp,pecho,empuje_horizontal,barra,True,2.5,25.0,8,2.0,2.0,3,3,600.0,31.666666666666664,27.5,27.5,27.5,0.0,1.0,577.5,33.91666666666667,3.0,-9.09,2.0,7.51,74.79,1649,1627,22,70.1,0.94,7,27.5,2.5
sim-000,press-banca-inclinado,23,6,F,20.8,166.3,19.091244239631337,recomp,pecho,empuje_horizontal,barra,True,2.5,27.5,6,0.0,0.0,3,3,495.0,33.0,25.0,27.5,27.5,2.0,0.0,600.0,31.666666666666664,2.0,10.0,5.0,7.51,74.79,1649,1627,22,70.1,0.94,7,27.5,0.0
sim-000,press-banca-inclinado,28,7,F,20.8,166.3,19.321658986175112,recomp,pecho,empuje_horizontal,barra,True,2.5,27.5,6,0.0,0.0,3,3,495.0,33.0,27.5,25.0,27.5,0.0,2.0,495.0,33.0,5.0,0.0,4.0,7.41,75.02,1672,1627,45,80.0,1.07,7,25.0,-2.5
sim-000,press-banca-inclinado,32,8,F,20.8,166.3,19.321658986175112,recomp,pecho,empuje_horizontal,barra,True,2.5,25.0,8,2.0,2.0,3,3,600.0,31.666666666666664,27.5,27.5,25.0,0.0,0.0,495.0,33.0,4.0,-9.09,3.0,7.41,75.02,1672,1627,45,80.0,1.07,7,25.0,0.0
sim-000,press-banca-inclinado,35,9,F,20.8,166.3,19.552073732718892,recomp,pecho,empuje_horizontal,barra,True,2.5,25.0,8,1.0,1.0,3,3,600.0,31.666666666666664,25.0,27.5,27.5,2.0,0.0,600.0,31.666666666666664,3.0,0.0,9.0,8.18,74.99,1560,1627,-67,89.7,1.2,7,27.5,2.5
sim-000,press-banca-inclinado,44,10,F,20.8,166.3,19.78248847926267,recomp,pecho,empuje_horizontal,barra,True,2.5,27.5,7,0.0,0.0,3,3,577.5,33.91666666666667,25.0,25.0,27.5,1.0,2.0,600.0,31.666666666666664,9.0,10.0,2.0,7.08,74.92,1616,1627,-11,73.0,0.97,7,27.5,0.0
sim-000,press-banca-inclinado,46,11,F,20.8,166.3,19.78248847926267,recomp,pecho,empuje_horizontal,barra,True,2.5,27.5,6,0.0,0.0,3,3,495.0,33.0,27.5,25.0,25.0,0.0,1.0,577.5,33.91666666666667,2.0,0.0,3.0,7.08,74.92,1616,1627,-11,73.0,0.97,7,25.0,-2.5
sim-000,press-banca-inclinado,49,12,F,20.8,166.3,20.01290322580645,recomp,pecho,empuje_horizontal,barra,True,2.5,25.0,8,0.0,0.0,3,3,600.0,31.666666666666664,27.5,27.5,25.0,0.0,0.0,495.0,33.0,3.0,-9.09,7.0,6.51,74.89,1631,1627,4,79.7,1.06,7,25.0,0.0
sim-000,press-banca-inclinado,56,13,F,20.8,166.3,20.24331797235023,recomp,pecho,empuje_horizontal,barra,True,2.5,25.0,8,2.0,2.0,3,3,600.0,31.666666666666664,25.0,27.5,27.5,0.0,0.0,600.0,31.666666666666664,7.0,0.0,4.0,7.58,74.86,1695,1627,68,84.3,1.13,7,27.5,2.5
sim-000,press-banca-inclinado,60,14,F,20.8,166.3,20.24331797235023,recomp,pecho,empuje_horizontal,barra,True,2.5,27.5,7,0.0,0.0,3,3,577.5,33.91666666666667,25.0,25.0,27.5,2.0,0.0,600.0,31.666666666666664,4.0,10.0,7.0,7.58,74.86,1695,1627,68,84.3,1.13,7,27.5,0.0
sim-000,press-banca-inclinado,67,15,F,20.8,166.3,20.47373271889401,recomp,pecho,empuje_horizontal,barra,True,2.5,27.5,7,1.0,1.0,3,3,577.5,33.91666666666667,27.5,25.0,25.0,0.0,2.0,577.5,33.91666666666667,7.0,0.0,5.0,6.32,74.92,1746,1627,119,105.1,1.4,7,25.0,-2.5
sim-000,press-banca-inclinado,72,16,F,20.8,166.3,20.704147465437785,recomp,pecho,empuje_horizontal,barra,True,2.5,25.0,8,4.0,4.0,3,3,600.0,31.666666666666664,27.5,27.5,25.0,1.0,0.0,577.5,33.91666666666667,5.0,-9.09,2.0,7.81,75.35,1735,1627,108,101.6,1.35,7,27.5,2.5
sim-000,press-banca-inclinado,74,17,F,20.8,166.3,20.704147465437785,recomp,pecho,empuje_horizontal,barra,True,2.5,27.5,7,1.0,1.0,3,3,577.5,33.91666666666667,25.0,27.5,27.5,4.0,1.0,600.0,31.666666666666664,2.0,10.0,3.0,7.81,75.35,1735,1627,108,101.6,1.35,7,27.5,0.0
sim-000,press-banca-inclinado,77,18,F,20.8,166.3,20.934562211981564,recomp,pecho,empuje_horizontal,barra,True,2.5,27.5,7,0.0,0.0,3,3,577.5,33.91666666666667,27.5,25.0,27.5,1.0,4.0,577.5,33.91666666666667,3.0,0.0,2.0,7.84,75.73,1836,1627,209,81.2,1.07,7,25.0,-2.5
sim-000,press-banca-inclinado,79,19,F,20.8,166.3,20.934562211981564,recomp,pecho,empuje_horizontal,barra,True,2.5,25.0,8,2.0,2.0,3,3,600.0,31.666666666666664,27.5,27.5,25.0,0.0,1.0,577.5,33.91666666666667,2.0,-9.09,,7.84,75.73,1836,1627,209,81.2,1.07,7,,
sim-000,extension-cuadriceps,0,1,F,20.8,166.3,18.4,recomp,cuadriceps,aislamiento,maquina,False,5.0,20.0,10,0.0,0.0,3,3,600.0,26.666666666666664,,,,,,,,,,2.0,7.29,74.35,1782,1627,155,112.5,1.51,7,20.0,0.0
sim-000,extension-cuadriceps,2,2,F,20.8,166.3,18.4,recomp,cuadriceps,aislamiento,maquina,False,5.0,20.0,9,0.0,0.0,3,3,540.0,26.0,20.0,,,0.0,,600.0,26.666666666666664,2.0,0.0,2.0,7.29,74.35,1782,1627,155,112.5,1.51,7,15.0,-5.0
sim-000,extension-cuadriceps,4,3,F,20.8,166.3,18.4,recomp,cuadriceps,aislamiento,maquina,False,5.0,15.0,12,6.0,6.0,3,3,540.0,21.0,20.0,20.0,,0.0,0.0,540.0,26.0,2.0,-25.0,3.0,7.29,74.35,1782,1627,155,112.5,1.51,7,30.0,15.0
sim-000,extension-cuadriceps,7,4,F,20.8,166.3,18.630414746543778,recomp,cuadriceps,aislamiento,maquina,False,5.0,30.0,1,0.0,0.0,3,3,90.0,31.000000000000004,15.0,20.0,20.0,6.0,0.0,540.0,21.0,3.0,100.0,7.0,7.35,74.65,1665,1627,38,79.2,1.06,7,30.0,0.0
sim-000,extension-cuadriceps,14,5,F,20.8,166.3,18.860829493087557,recomp,cuadriceps,aislamiento,maquina,False,5.0,30.0,1,0.0,0.0,3,3,90.0,31.000000000000004,30.0,15.0,20.0,0.0,6.0,90.0,31.000000000000004,7.0,0.0,11.0,7.67,74.86,1728,1627,101,93.0,1.24,7,25.0,-5.0
sim-000,extension-cuadriceps,25,6,F,20.8,166.3,19.091244239631337,recomp,cuadriceps,aislamiento,maquina,False,5.0,25.0,2,2.0,2.0,3,3,150.0,26.666666666666668,30.0,30.0,15.0,0.0,0.0,90.0,31.000000000000004,11.0,-16.67,5.0,7.51,74.79,1649,1627,22,70.1,0.94,7,25.0,0.0
sim-000,extension-cuadriceps,30,7,F,20.8,166.3,19.321658986175112,recomp,cuadriceps,aislamiento,maquina,False,5.0,25.0,2,2.0,2.0,3,3,150.0,26.666666666666668,25.0,30.0,30.0,2.0,0.0,150.0,26.666666666666668,5.0,0.0,7.0,7.41,75.02,1672,1627,45,80.0,1.07,7,20.0,-5.0
sim-000,extension-cuadriceps,37,8,F,20.8,166.3,19.552073732718892,recomp,cuadriceps,aislamiento,maquina,False,5.0,20.0,10,1.0,1.0,3,3,600.0,26.666666666666664,25.0,25.0,30.0,2.0,2.0,150.0,26.666666666666668,7.0,-20.0,5.0,8.18,74.99,1560,1627,-67,89.7,1.2,7,20.0,0.0
sim-000,extension-cuadriceps,42,9,F,20.8,166.3,19.78248847926267,recomp,cuadriceps,aislamiento,maquina,False,5.0,20.0,10,1.0,1.0,3,3,600.0,26.666666666666664,20.0,25.0,25.0,1.0,2.0,600.0,26.666666666666664,5.0,0.0,7.0,7.08,74.92,1616,1627,-11,73.0,0.97,7,15.0,-5.0
sim-000,extension-cuadriceps,49,10,F,20.8,166.3,20.01290322580645,recomp,cuadriceps,aislamiento,maquina,False,5.0,15.0,12,6.0,6.0,3,3,540.0,21.0,20.0,20.0,25.0,1.0,1.0,600.0,26.666666666666664,7.0,-25.0,2.0,6.51,74.89,1631,1627,4,79.7,1.06,7,25.0,10.0
sim-000,extension-cuadriceps,51,11,F,20.8,166.3,20.01290322580645,recomp,cuadriceps,aislamiento,maquina,False,5.0,25.0,1,0.0,0.0,3,3,75.0,25.833333333333336,15.0,20.0,20.0,6.0,1.0,540.0,21.0,2.0,66.67,2.0,6.51,74.89,1631,1627,4,79.7,1.06,7,25.0,0.0
sim-000,extension-cuadriceps,53,12,F,20.8,166.3,20.01290322580645,recomp,cuadriceps,aislamiento,maquina,False,5.0,25.0,1,0.0,0.0,3,3,75.0,25.833333333333336,25.0,15.0,20.0,0.0,6.0,75.0,25.833333333333336,2.0,0.0,7.0,6.51,74.89,1631,1627,4,79.7,1.06,7,20.0,-5.0
sim-000,extension-cuadriceps,60,13,F,20.8,166.3,20.24331797235023,recomp,cuadriceps,aislamiento,maquina,False,5.0,20.0,10,0.0,0.0,3,3,600.0,26.666666666666664,25.0,25.0,15.0,0.0,0.0,75.0,25.833333333333336,7.0,-20.0,10.0,7.58,74.86,1695,1627,68,84.3,1.13,7,20.0,0.0
sim-000,extension-cuadriceps,70,14,F,20.8,166.3,20.704147465437785,recomp,cuadriceps,aislamiento,maquina,False,5.0,20.0,10,1.0,1.0,3,3,600.0,26.666666666666664,20.0,25.0,25.0,0.0,0.0,600.0,26.666666666666664,10.0,0.0,2.0,7.81,75.35,1735,1627,108,101.6,1.35,7,15.0,-5.0
sim-000,extension-cuadriceps,72,15,F,20.8,166.3,20.704147465437785,recomp,cuadriceps,aislamiento,maquina,False,5.0,15.0,12,6.0,6.0,3,3,540.0,21.0,20.0,20.0,25.0,1.0,0.0,600.0,26.666666666666664,2.0,-25.0,5.0,7.81,75.35,1735,1627,108,101.6,1.35,7,25.0,10.0
sim-000,extension-cuadriceps,77,16,F,20.8,166.3,20.934562211981564,recomp,cuadriceps,aislamiento,maquina,False,5.0,25.0,1,0.0,0.0,3,3,75.0,25.833333333333336,15.0,20.0,20.0,6.0,1.0,540.0,21.0,5.0,66.67,,7.84,75.73,1836,1627,209,81.2,1.07,7,,
sim-000,sentadilla-hack,2,1,F,20.8,166.3,18.4,recomp,cuadriceps,sentadilla,maquina,True,5.0,45.0,8,0.0,0.0,3,3,1080.0,57.0,,,,,,,,,,5.0,7.29,74.35,1782,1627,155,112.5,1.51,7,45.0,0.0
sim-000,sentadilla-hack,7,2,F,20.8,166.3,18.630414746543778,recomp,cuadriceps,sentadilla,maquina,True,5.0,45.0,8,0.0,0.0,3,3,1080.0,57.0,45.0,,,0.0,,1080.0,57.0,5.0,0.0,9.0,7.35,74.65,1665,1627,38,79.2,1.06,7,40.0,-5.0
sim-000,sentadilla-hack,16,3,F,20.8,166.3,18.860829493087557,recomp,cuadriceps,sentadilla,maquina,True,5.0,40.0,8,5.0,5.0,3,3,960.0,50.666666666666664,45.0,45.0,,0.0,0.0,1080.0,57.0,9.0,-11.11,7.0,7.67,74.86,1728,1627,101,93.0,1.24,7,50.0,10.0
sim-000,sentadilla-hack,23,4,F,20.8,166.3,19.091244239631337,recomp,cuadriceps,sentadilla,maquina,True,5.0,50.0,4,0.0,0.0,3,3,600.0,56.666666666666664,40.0,45.0,45.0,5.0,0.0,960.0,50.666666666666664,7.0,25.0,7.0,7.51,74.79,1649,1627,22,70.1,0.94,7,50.0,0.0
sim-000,sentadilla-hack,30,5,F,20.8,166.3,19.321658986175112,recomp,cuadriceps,sentadilla,maquina,True,5.0,50.0,4,1.0,1.0,3,3,600.0,56.666666666666664,50.0,40.0,45.0,0.0,5.0,600.0,56.666666666666664,7.0,0.0,5.0,7.41,75.02,1672,1627,45,80.0,1.07,7,45.0,-5.0
sim-000,sentadilla-hack,35,6,F,20.8,166.3,19.552073732718892,recomp,cuadriceps,sentadilla,maquina,True,5.0,45.0,7,1.0,1.0,3,3,945.0,55.5,50.0,50.0,40.0,1.0,0.0,600.0,56.666666666666664,5.0,-10.0,2.0,8.18,74.99,1560,1627,-67,89.7,1.2,7,45.0,0.0
sim-000,sentadilla-hack,37,7,F,20.8,166.3,19.552073732718892,recomp,cuadriceps,sentadilla,maquina,True,5.0,45.0,7,1.0,1.0,3,3,945.0,55.5,45.0,50.0,50.0,1.0,1.0,945.0,55.5,2.0,0.0,12.0,8.18,74.99,1560,1627,-67,89.7,1.2,7,40.0,-5.0
sim-000,sentadilla-hack,49,8,F,20.8,166.3,20.01290322580645,recomp,cuadriceps,sentadilla,maquina,True,5.0,40.0,8,4.0,4.0,3,3,960.0,50.666666666666664,45.0,45.0,50.0,1.0,1.0,945.0,55.5,12.0,-11.11,2.0,6.51,74.89,1631,1627,4,79.7,1.06,7,45.0,5.0
sim-000,sentadilla-hack,51,9,F,20.8,166.3,20.01290322580645,recomp,cuadriceps,sentadilla,maquina,True,5.0,45.0,7,0.0,0.0,3,3,945.0,55.5,40.0,45.0,45.0,4.0,1.0,960.0,50.666666666666664,2.0,12.5,5.0,6.51,74.89,1631,1627,4,79.7,1.06,7,45.0,0.0
sim-000,sentadilla-hack,56,10,F,20.8,166.3,20.24331797235023,recomp,cuadriceps,sentadilla,maquina,True,5.0,45.0,7,0.0,0.0,3,3,945.0,55.5,45.0,40.0,45.0,0.0,4.0,945.0,55.5,5.0,0.0,2.0,7.58,74.86,1695,1627,68,84.3,1.13,7,35.0,-10.0
sim-000,sentadilla-hack,58,11,F,20.8,166.3,20.24331797235023,recomp,cuadriceps,sentadilla,maquina,True,5.0,35.0,8,6.0,6.0,3,3,840.0,44.33333333333333,45.0,45.0,40.0,0.0,0.0,945.0,55.5,2.0,-22.22,2.0,7.58,74.86,1695,1627,68,84.3,1.13,7,45.0,10.0
sim-000,sentadilla-hack,60,12,F,20.8,166.3,20.24331797235023,recomp,cuadriceps,sentadilla,maquina,True,5.0,45.0,6,0.0,0.0,3,3,810.0,54.0,35.0,45.0,45.0,6.0,0.0,840.0,44.33333333333333,2.0,28.57,3.0,7.58,74.86,1695,1627,68,84.3,1.13,7,45.0,0.0
sim-000,sentadilla-hack,63,13,F,20.8,166.3,20.47373271889401,recomp,cuadriceps,sentadilla,maquina,True,5.0,45.0,6,0.0,0.0,3,3,810.0,54.0,45.0,35.0,45.0,0.0,6.0,810.0,54.0,3.0,0.0,4.0,6.32,74.92,1746,1627,119,105.1,1.4,7,40.0,-5.0
sim-000,sentadilla-hack,67,14,F,20.8,166.3,20.47373271889401,recomp,cuadriceps,sentadilla,maquina,True,5.0,40.0,8,4.0,4.0,3,3,960.0,50.666666666666664,45.0,45.0,35.0,0.0,0.0,810.0,54.0,4.0,-11.11,3.0,6.32,74.92,1746,1627,119,105.1,1.4,7,45.0,5.0
sim-000,sentadilla-hack,70,15,F,20.8,166.3,20.704147465437785,recomp,cuadriceps,sentadilla,maquina,True,5.0,45.0,6,0.0,0.0,3,3,810.0,54.0,40.0,45.0,45.0,4.0,0.0,960.0,50.666666666666664,3.0,12.5,7.0,7.81,75.35,1735,1627,108,101.6,1.35,7,45.0,0.0
sim-000,sentadilla-hack,77,16,F,20.8,166.3,20.934562211981564,recomp,cuadriceps,sentadilla,maquina,True,5.0,45.0,7,0.0,0.0,3,3,945.0,55.5,45.0,40.0,45.0,0.0,4.0,810.0,54.0,7.0,0.0,4.0,7.84,75.73,1836,1627,209,81.2,1.07,7,40.0,-5.0
sim-000,sentadilla-hack,81,17,F,20.8,166.3,20.934562211981564,recomp,cuadriceps,sentadilla,maquina,True,5.0,40.0,8,5.0,5.0,3,3,960.0,50.666666666666664,45.0,45.0,40.0,0.0,0.0,945.0,55.5,4.0,-11.11,,7.84,75.73,1836,1627,209,81.2,1.07,7,,
sim-001,press-militar-barra,0,1,M,18.0,166.4,24.1,recomp,hombro,empuje_vertical,barra,True,2.5,30.0,8,2.0,2.0,3,3,720.0,38.0,,,,,,,,,,7.0,7.08,82.83,2436,2448,-12,161.2,1.95,7,30.0,0.0
sim-001,press-militar-barra,7,2,M,18.0,166.4,24.33041474654378,recomp,hombro,empuje_vertical,barra,True,2.5,30.0,8,1.0,1.0,3,3,720.0,38.0,30.0,,,2.0,,720.0,38.0,7.0,0.0,2.0,8.09,83.25,2508,2448,60,156.5,1.88,7,30.0,0.0
sim-001,press-militar-barra,9,3,M,18.0,166.4,24.33041474654378,recomp,hombro,empuje_vertical,barra,True,2.5,30.0,8,0.0,0.0,3,3,720.0,38.0,30.0,30.0,,1.0,2.0,720.0,38.0,2.0,0.0,2.0,8.09,83.25,2508,2448,60,156.5,1.88,7,30.0,0.0
sim-001,press-militar-barra,11,4,M,18.0,166.4,24.33041474654378,recomp,hombro,empuje_vertical,barra,True,2.5,30.0,8,0.0,0.0,3,3,720.0,38.0,30.0,30.0,30.0,0.0,1.0,720.0,38.0,2.0,0.0,7.0,8.09,83.25,2508,2448,60,156.5,1.88,7,27.5,-2.5
sim-001,press-militar-barra,18,5,M,18.0,166.4,24.56082949308756,recomp,hombro,empuje_vertical,barra,True,2.5,27.5,8,5.0,5.0,3,3,660.0,34.83333333333333,30.0,30.0,30.0,0.0,0.0,720.0,38.0,7.0,-8.33,3.0,6.86,83.39,2517,2448,69,151.0,1.81,7,32.5,5.0
sim-001,press-militar-barra,21,6,M,18.0,166.4,24.79124423963134,recomp,hombro,empuje_vertical,barra,True,2.5,32.5,5,1.0,1.0,3,3,487.5,37.91666666666667,27.5,30.0,30.0,5.0,0.0,660.0,34.83333333333333,3.0,18.18,2.0,7.26,83.26,2322,2448,-126,149.8,1.8,7,32.5,0.0
sim-001,press-militar-barra,23,7,M,18.0,166.4,24.79124423963134,recomp,hombro,empuje_vertical,barra,True,2.5,32.5,5,0.0,0.0,3,3,487.5,37.91666666666667,32.5,27.5,30.0,1.0,5.0,487.5,37.91666666666667,2.0,0.0,9.0,7.26,83.26,2322,2448,-126,149.8,1.8,7,30.0,-2.5
sim-001,press-militar-barra,32,8,M,18.0,166.4,25.021658986175115,recomp,hombro,empuje_vertical,barra,True,2.5,30.0,8,1.0,1.0,3,3,720.0,38.0,32.5,32.5,27.5,0.0,1.0,487.5,37.91666666666667,9.0,-7.69,7.0,7.1,83.33,2557,2448,109,150.9,1.81,7,30.0,0.0
sim-001,press-militar-barra,39,9,M,18.0,166.4,25.252073732718895,recomp,hombro,empuje_vertical,barra,True,2.5,30.0,8,1.0,1.0,3,3,720.0,38.0,30.0,32.5,32.5,1.0,0.0,720.0,38.0,7.0,0.0,3.0,6.56,83.54,2408,2448,-40,155.5,1.86,7,30.0,0.0
sim-001,press-militar-barra,42,10,M,18.0,166.4,25.482488479262674,recomp,hombro,empuje_vertical,barra,True,2.5,30.0,8,0.0,0.0,3,3,720.0,38.0,30.0,30.0,32.5,1.0,1.0,720.0,38.0,3.0,0.0,2.0,7.41,83.37,2595,2448,147,162.7,1.95,7,30.0,0.0
sim-001,press-militar-barra,44,11,M,18.0,166.4,25.482488479262674,recomp,hombro,empuje_vertical,barra,True,2.5,30.0,8,0.0,0.0,3,3,720.0,38.0,30.0,30.0,30.0,0.0,1.0,720.0,38.0,2.0,0.0,9.0,7.41,83.37,2595,2448,147,162.7,1.95,7,27.5,-2.5
sim-001,press-militar-barra,53,12,M,18.0,166.4,25.712903225806453,recomp,hombro,empuje_vertical,barra,True,2.5,27.5,8,4.0,4.0,3,3,660.0,34.83333333333333,30.0,30.0,30.0,0.0,0.0,720.0,38.0,9.0,-8.33,7.0,6.71,83.51,2487,2448,39,151.0,1.81,7,27.5,0.0
sim-001,press-militar-barra,60,13,M,18.0,166.4,25.943317972350233,recomp,hombro,empuje_vertical,barra,True,2.5,27.5,8,5.0,5.0,3,3,660.0,34.83333333333333,27.5,30.0,30.0,4.0,0.0,660.0,34.83333333333333,7.0,0.0,17.0,7.06,83.29,2548,2448,100,168.1,2.02,7,32.5,5.0
sim-001,press-militar-barra,77,14,M,18.0,166.4,26.634562211981567,recomp,hombro,empuje_vertical,barra,True,2.5,32.5,6,0.0,0.0,3,3,585.0,39.0,27.5,27.5,30.0,5.0,4.0,660.0,34.83333333333333,17.0,18.18,2.0,7.57,83.55,2545,2448,97,163.3,1.95,7,32.5,0.0
sim-001,press-militar-barra,79,15,M,18.0,166.4,26.634562211981567,recomp,hombro,empuje_vertical,barra,True,2.5,32.5,6,0.0,0.0,3,3,585.0,39.0,32.5,27.5,27.5,0.0,5.0,585.0,39.0,2.0,0.0,2.0,7.57,83.55,2545,2448,97,163.3,1.95,7,30.0,-2.5
sim-001,press-militar-barra,81,16,M,18.0,166.4,26.634562211981567,recomp,hombro,empuje_vertical,barra,True,2.5,30.0,8,0.0,0.0,3,3,720.0,38.0,32.5,32.5,27.5,0.0,0.0,585.0,39.0,2.0,-7.69,,7.57,83.55,2545,2448,97,163.3,1.95,7,,
sim-001,press-banca-inclinado,4,1,M,18.0,166.4,24.1,recomp,pecho,empuje_horizontal,barra,True,2.5,50.0,8,3.0,3.0,3,3,1200.0,63.33333333333333,,,,,,,,,,3.0,7.08,82.83,2436,2448,-12,161.2,1.95,7,50.0,0.0
sim-001,press-banca-inclinado,7,2,M,18.0,166.4,24.33041474654378,recomp,pecho,empuje_horizontal,barra,True,2.5,50.0,8,2.0,2.0,3,3,1200.0,63.33333333333333,50.0,,,3.0,,1200.0,63.33333333333333,3.0,0.0,2.0,8.09,83.25,2508,2448,60,156.5,1.88,7,52.5,2.5
sim-001,press-banca-inclinado,9,3,M,18.0,166.4,24.33041474654378,recomp,pecho,empuje_horizontal,barra,True,2.5,52.5,8,0.0,0.0,3,3,1260.0,66.5,50.0,50.0,,2.0,3.0,1200.0,63.33333333333333,2.0,5.0,5.0,8.09,83.25,2508,2448,60,156.5,1.88,7,52.5,0.0
sim-001,press-banca-inclinado,14,4,M,18.0,166.4,24.56082949308756,recomp,pecho,empuje_horizontal,barra,True,2.5,52.5,8,0.0,0.0,3,3,1260.0,66.5,52.5,50.0,50.0,0.0,2.0,1260.0,66.5,5.0,0.0,2.0,6.86,83.39,2517,2448,69,151.0,1.81,7,50.0,-2.5
sim-001,press-banca-inclinado,16,5,M,18.0,166.4,24.56082949308756,recomp,pecho,empuje_horizontal,barra,True,2.5,50.0,8,0.0,0.0,3,3,1200.0,63.33333333333333,52.5,52.5,50.0,0.0,0.0,1260.0,66.5,2.0,-4.76,2.0,6.86,83.39,2517,2448,69,151.0,1.81,7,50.0,0.0
sim-001,press-banca-inclinado,18,6,M,18.0,166.4,24.56082949308756,recomp,pecho,empuje_horizontal,barra,True,2.5,50.0,8,0.0,0.0,3,3,1200.0,63.33333333333333,50.0,52.5,52.5,0.0,0.0,1200.0,63.33333333333333,2.0,0.0,5.0,6.86,83.39,2517,2448,69,151.0,1.81,7,47.5,-2.5
sim-001,press-banca-inclinado,23,7,M,18.0,166.4,24.79124423963134,recomp,pecho,empuje_horizontal,barra,True,2.5,47.5,8,3.0,3.0,3,3,1140.0,60.166666666666664,50.0,50.0,52.5,0.0,0.0,1200.0,63.33333333333333,5.0,-5.0,5.0,7.26,83.26,2322,2448,-126,149.8,1.8,7,47.5,0.0
sim-001,press-banca-inclinado,28,8,M,18.0,166.4,25.021658986175115,recomp,pecho,empuje_horizontal,barra,True,2.5,47.5,8,4.0,4.0,3,3,1140.0,60.166666666666664,47.5,50.0,50.0,3.0,0.0,1140.0,60.166666666666664,5.0,0.0,2.0,7.1,83.33,2557,2448,109,150.9,1.81,7,50.0,2.5
sim-001,press-banca-inclinado,30,9,M,18.0,166.4,25.021658986175115,recomp,pecho,empuje_horizontal,barra,True,2.5,50.0,8,1.0,1.0,3,3,1200.0,63.33333333333333,47.5,47.5,50.0,4.0,3.0,1140.0,60.166666666666664,2.0,5.26,2.0,7.1,83.33,2557,2448,109,150.9,1.81,7,50.0,0.0
sim-001,press-banca-inclinado,32,10,M,18.0,166.4,25.021658986175115,recomp,pecho,empuje_horizontal,barra,True,2.5,50.0,8,0.0,0.0,3,3,1200.0,63.33333333333333,50.0,47.5,47.5,1.0,4.0,1200.0,63.33333333333333,2.0,0.0,7.0,7.1,83.33,2557,2448,109,150.9,1.81,7,50.0,0.0
sim-001,press-banca-inclinado,39,11,M,18.0,166.4,25.252073732718895,recomp,pecho,empuje_horizontal,barra,True,2.5,50.0,8,2.0,2.0,3,3,1200.0,63.33333333333333,50.0,50.0,47.5,0.0,1.0,1200.0,63.33333333333333,7.0,0.0,3.0,6.56,83.54,2408,2448,-40,155.5,1.86,7,50.0,0.0
sim-001,press-banca-inclinado,42,12,M,18.0,166.4,25.482488479262674,recomp,pecho,empuje_horizontal,barra,True,2.5,50.0,8,0.0,0.0,3,3,1200.0,63.33333333333333,50.0,50.0,50.0,2.0,0.0,1200.0,63.33333333333333,3.0,0.0,2.0,7.41,83.37,2595,2448,147,162.7,1.95,7,50.0,0.0
sim-001,press-banca-inclinado,44,13,M,18.0,166.4,25.482488479262674,recomp,pecho,empuje_horizontal,barra,True,2.5,50.0,8,1.0,1.0,3,3,1200.0,63.33333333333333,50.0,50.0,50.0,0.0,2.0,1200.0,63.33333333333333,2.0,0.0,2.0,7.41,83.37,2595,2448,147,162.7,1.95,7,50.0,0.0
sim-001,press-banca-inclinado,46,14,M,18.0,166.4,25.482488479262674,recomp,pecho,empuje_horizontal,barra,True,2.5,50.0,8,1.0,1.0,3,3,1200.0,63.33333333333333,50.0,50.0,50.0,1.0,0.0,1200.0,63.33333333333333,2.0,0.0,14.0,7.41,83.37,2595,2448,147,162.7,1.95,7,50.0,0.0
sim-001,press-banca-inclinado,60,15,M,18.0,166.4,25.943317972350233,recomp,pecho,empuje_horizontal,barra,True,2.5,50.0,8,2.0,2.0,3,3,1200.0,63.33333333333333,50.0,50.0,50.0,1.0,1.0,1200.0,63.33333333333333,14.0,0.0,3.0,7.06,83.29,2548,2448,100,168.1,2.02,7,50.0,0.0
sim-001,press-banca-inclinado,63,16,M,18.0,166.4,26.173732718894012,recomp,pecho,empuje_horizontal,barra,True,2.5,50.0,8,2.0,2.0,3,3,1200.0,63.33333333333333,50.0,50.0,50.0,2.0,1.0,1200.0,63.33333333333333,3.0,0.0,2.0,7.57,83.58,2468,2448,20,147.4,1.76,7,50.0,0.0
sim-001,press-banca-inclinado,65,17,M,18.0,166.4,26.173732718894012,recomp,pecho,empuje_horizontal,barra,True,2.5,50.0,8,1.0,1.0,3,3,1200.0,63.33333333333333,50.0,50.0,50.0,2.0,2.0,1200.0,63.33333333333333,2.0,0.0,12.0,7.57,83.58,2468,2448,20,147.4,1.76,7,52.5,2.5
sim-001,press-banca-inclinado,77,18,M,18.0,166.4,26.634562211981567,recomp,pecho,empuje_horizontal,barra,True,2.5,52.5,8,0.0,0.0,3,3,1260.0,66.5,50.0,50.0,50.0,1.0,2.0,1200.0,63.33333333333333,12.0,5.0,,7.57,83.55,2545,2448,97,163.3,1.95,7,,
sim-001,curl-biceps-barra,0,1,M,18.0,166.4,24.1,recomp,biceps,aislamiento,barra,False,2.5,15.0,11,0.0,0.0,3,3,495.0,20.5,,,,,,,,,,4.0,7.08,82.83,2436,2448,-12,161.2,1.95,7,15.0,0.0
sim-001,curl-biceps-barra,4,2,M,18.0,166.4,24.1,recomp,biceps,aislamiento,barra,False,2.5,15.0,10,0.0,0.0,3,3,450.0,20.0,15.0,,,0.0,,495.0,20.5,4.0,0.0,7.0,7.08,82.83,2436,2448,-12,161.2,1.95,7,12.5,-2.5
sim-001,curl-biceps-barra,11,3,M,18.0,166.4,24.33041474654378,recomp,biceps,aislamiento,barra,False,2.5,12.5,12,6.0,6.0,3,3,450.0,17.5,15.0,15.0,,0.0,0.0,450.0,20.0,7.0,-16.67,3.0,8.09,83.25,2508,2448,60,156.5,1.88,7,17.5,5.0
sim-001,curl-biceps-barra,14,4,M,18.0,166.4,24.56082949308756,recomp,biceps,aislamiento,barra,False,2.5,17.5,4,0.0,0.0,3,3,210.0,19.833333333333332,12.5,15.0,15.0,6.0,0.0,450.0,17.5,3.0,40.0,2.0,6.86,83.39,2517,2448,69,151.0,1.81,7,17.5,0.0
sim-001,curl-biceps-barra,16,5,M,18.0,166.4,24.56082949308756,recomp,biceps,aislamiento,barra,False,2.5,17.5,4,0.0,0.0,3,3,210.0,19.833333333333332,17.5,12.5,15.0,0.0,6.0,210.0,19.833333333333332,2.0,0.0,5.0,6.86,83.39,2517,2448,69,151.0,1.81,7,12.5,-5.0
sim-001,curl-biceps-barra,21,6,M,18.0,166.4,24.79124423963134,recomp,biceps,aislamiento,barra,False,2.5,12.5,12,6.0,6.0,3,3,450.0,17.5,17.5,17.5,12.5,0.0,0.0,210.0,19.833333333333332,5.0,-28.57,4.0,7.26,83.26,2322,2448,-126,149.8,1.8,7,17.5,5.0
sim-001,curl-biceps-barra,25,7,M,18.0,166.4,24.79124423963134,recomp,biceps,aislamiento,barra,False,2.5,17.5,4,0.0,0.0,3,3,210.0,19.833333333333332,12.5,17.5,17.5,6.0,0.0,450.0,17.5,4.0,40.0,12.0,7.26,83.26,2322,2448,-126,149.8,1.8,7,17.5,0.0
sim-001,curl-biceps-barra,37,8,M,18.0,166.4,25.252073732718895,recomp,biceps,aislamiento,barra,False,2.5,17.5,5,0.0,0.0,3,3,262.5,20.416666666666668,17.5,12.5,17.5,0.0,6.0,210.0,19.833333333333332,12.0,0.0,9.0,6.56,83.54,2408,2448,-40,155.5,1.86,7,15.0,-2.5
sim-001,curl-biceps-barra,46,9,M,18.0,166.4,25.482488479262674,recomp,biceps,aislamiento,barra,False,2.5,15.0,11,0.0,0.0,3,3,495.0,20.5,17.5,17.5,12.5,0.0,0.0,262.5,20.416666666666668,9.0,-14.29,3.0,7.41,83.37,2595,2448,147,162.7,1.95,7,15.0,0.0
sim-001,curl-biceps-barra,49,10,M,18.0,166.4,25.712903225806453,recomp,biceps,aislamiento,barra,False,2.5,15.0,10,0.0,0.0,3,3,450.0,20.0,15.0,17.5,17.5,0.0,0.0,495.0,20.5,3.0,0.0,4.0,6.71,83.51,2487,2448,39,151.0,1.81,7,12.5,-2.5
sim-001,curl-biceps-barra,53,11,M,18.0,166.4,25.712903225806453,recomp,biceps,aislamiento,barra,False,2.5,12.5,12,6.0,6.0,3,3,450.0,17.5,15.0,15.0,17.5,0.0,0.0,450.0,20.0,4.0,-16.67,3.0,6.71,83.51,2487,2448,39,151.0,1.81,7,17.5,5.0
sim-001,curl-biceps-barra,56,12,M,18.0,166.4,25.943317972350233,recomp,biceps,aislamiento,barra,False,2.5,17.5,4,0.0,0.0,3,3,210.0,19.833333333333332,12.5,15.0,15.0,6.0,0.0,450.0,17.5,3.0,40.0,11.0,7.06,83.29,2548,2448,100,168.1,2.02,7,17.5,0.0
sim-001,curl-biceps-barra,67,13,M,18.0,166.4,26.173732718894012,recomp,biceps,aislamiento,barra,False,2.5,17.5,5,0.0,0.0,3,3,262.5,20.416666666666668,17.5,12.5,15.0,0.0,6.0,210.0,19.833333333333332,11.0,0.0,5.0,7.57,83.58,2468,2448,20,147.4,1.76,7,15.0,-2.5
sim-001,curl-biceps-barra,72,14,M,18.0,166.4,26.404147465437788,recomp,biceps,aislamiento,barra,False,2.5,15.0,11,0.0,0.0,3,3,495.0,20.5,17.5,17.5,12.5,0.0,0.0,262.5,20.416666666666668,5.0,-14.29,9.0,6.51,83.75,2497,2448,49,139.1,1.66,7,15.0,0.0
sim-001,curl-biceps-barra,81,15,M,18.0,166.4,26.634562211981567,recomp,biceps,aislamiento,barra,False,2.5,15.0,11,0.0,0.0,3,3,495.0,20.5,15.0,17.5,17.5,0.0,0.0,495.0,20.5,9.0,0.0,,7.57,83.55,2545,2448,97,163.3,1.95,7,,
sim-001,jalon-al-pecho,0,1,M,18.0,166.4,24.1,recomp,espalda,jale_vertical,polea,True,2.5,35.0,8,0.0,0.0,3,3,840.0,44.33333333333333,,,,,,,,,,2.0,7.08,82.83,2436,2448,-12,161.2,1.95,7,35.0,0.0
sim-001,jalon-al-pecho,2,2,M,18.0,166.4,24.1,recomp,espalda,jale_vertical,polea,True,2.5,35.0,8,0.0,0.0,3,3,840.0,44.33333333333333,35.0,,,0.0,,840.0,44.33333333333333,2.0,0.0,2.0,7.08,82.83,2436,2448,-12,161.2,1.95,7,32.5,-2.5
sim-001,jalon-al-pecho,4,3,M,18.0,166.4,24.1,recomp,espalda,jale_vertical,polea,True,2.5,32.5,8,2.0,2.0,3,3,780.0,41.166666666666664,35.0,35.0,,0.0,0.0,840.0,44.33333333333333,2.0,-7.14,3.0,7.08,82.83,2436,2448,-12,161.2,1.95,7,32.5,0.0
sim-001,jalon-al-pecho,7,4,M,18.0,166.4,24.33041474654378,recomp,espalda,jale_vertical,polea,True,2.5,32.5,8,1.0,1.0,3,3,780.0,41.166666666666664,32.5,35.0,35.0,2.0,0.0,780.0,41.166666666666664,3.0,0.0,4.0,8.09,83.25,2508,2448,60,156.5,1.88,7,35.0,2.5
sim-001,jalon-al-pecho,11,5,M,18.0,166.4,24.33041474654378,recomp,espalda,jale_vertical,polea,True,2.5,35.0,7,0.0,0.0,3,3,735.0,43.16666666666667,32.5,32.5,35.0,1.0,2.0,780.0,41.166666666666664,4.0,7.69,7.0,8.09,83.25,2508,2448,60,156.5,1.88,7,35.0,0.0
sim-001,jalon-al-pecho,18,6,M,18.0,166.4,24.56082949308756,recomp,espalda,jale_vertical,polea,True,2.5,35.0,8,0.0,0.0,3,3,840.0,44.33333333333333,35.0,32.5,32.5,0.0,1.0,735.0,43.16666666666667,7.0,0.0,10.0,6.86,83.39,2517,2448,69,151.0,1.81,7,32.5,-2.5
sim-001,jalon-al-pecho,28,7,M,18.0,166.4,25.021658986175115,recomp,espalda,jale_vertical,polea,True,2.5,32.5,8,3.0,3.0,3,3,780.0,41.166666666666664,35.0,35.0,32.5,0.0,0.0,840.0,44.33333333333333,10.0,-7.14,2.0,7.1,83.33,2557,2448,109,150.9,1.81,7,32.5,0.0
sim-001,jalon-al-pecho,30,8,M,18.0,166.4,25.021658986175115,recomp,espalda,jale_vertical,polea,True,2.5,32.5,8,2.0,2.0,3,3,780.0,41.166666666666664,32.5,35.0,35.0,3.0,0.0,780.0,41.166666666666664,2.0,0.0,7.0,7.1,83.33,2557,2448,109,150.9,1.81,7,35.0,2.5
sim-001,jalon-al-pecho,37,9,M,18.0,166.4,25.252073732718895,recomp,espalda,jale_vertical,polea,True,2.5,35.0,8,1.0,1.0,3,3,840.0,44.33333333333333,32.5,32.5,35.0,2.0,3.0,780.0,41.166666666666664,7.0,7.69,2.0,6.56,83.54,2408,2448,-40,155.5,1.86,7,35.0,0.0
sim-001,jalon-al-pecho,39,10,M,18.0,166.4,25.252073732718895,recomp,espalda,jale_vertical,polea,True,2.5,35.0,7,0.0,0.0,3,3,735.0,43.16666666666667,35.0,32.5,32.5,1.0,2.0,840.0,44.33333333333333,2.0,0.0,10.0,6.56,83.54,2408,2448,-40,155.5,1.86,7,35.0,0.0
sim-001,jalon-al-pecho,49,11,M,18.0,166.4,25.712903225806453,recomp,espalda,jale_vertical,polea,True,2.5,35.0,8,1.0,1.0,3,3,840.0,44.33333333333333,35.0,35.0,32.5,0.0,1.0,735.0,43.16666666666667,10.0,0.0,7.0,6.71,83.51,2487,2448,39,151.0,1.81,7,37.5,2.5
sim-001,jalon-al-pecho,56,12,M,18.0,166.4,25.943317972350233,recomp,espalda,jale_vertical,polea,True,2.5,37.5,6,0.0,0.0,3,3,675.0,45.0,35.0,35.0,35.0,1.0,0.0,840.0,44.33333333333333,7.0,7.14,9.0,7.06,83.29,2548,2448,100,168.1,2.02,7,37.5,0.0
sim-001,jalon-al-pecho,65,13,M,18.0,166.4,26.173732718894012,recomp,espalda,jale_vertical,polea,True,2.5,37.5,6,0.0,0.0,3,3,675.0,45.0,37.5,35.0,35.0,0.0,1.0,675.0,45.0,9.0,0.0,5.0,7.57,83.58,2468,2448,20,147.4,1.76,7,35.0,-2.5
sim-001,jalon-al-pecho,70,14,M,18.0,166.4,26.404147465437788,recomp,espalda,jale_vertical,polea,True,2.5,35.0,8,1.0,1.0,3,3,840.0,44.33333333333333,37.5,37.5,35.0,0.0,0.0,675.0,45.0,5.0,-6.67,11.0,6.51,83.75,2497,2448,49,139.1,1.66,7,37.5,2.5
sim-001,jalon-al-pecho,81,15,M,18.0,166.4,26.634562211981567,recomp,espalda,jale_vertical,polea,True,2.5,37.5,6,0.0,0.0,3,3,675.0,45.0,35.0,37.5,37.5,1.0,0.0,840.0,44.33333333333333,11.0,7.14,,7.57,83.55,2545,2448,97,163.3,1.95,7,,
sim-001,peso-muerto,2,1,M,18.0,166.4,24.1,recomp,isquios,bisagra,barra,True,2.5,70.0,8,1.0,1.0,3,3,1680.0,88.66666666666666,,,,,,,,,,19.0,7.08,82.83,2436,2448,-12,161.2,1.95,7,72.5,2.5
sim-001,peso-muerto,21,2,M,18.0,166.4,24.79124423963134,recomp,isquios,bisagra,barra,True,2.5,72.5,8,0.0,0.0,3,3,1740.0,91.83333333333333,70.0,,,1.0,,1680.0,88.66666666666666,19.0,3.57,2.0,7.26,83.26,2322,2448,-126,149.8,1.8,7,72.5,0.0
sim-001,peso-muerto,23,3,M,18.0,166.4,24.79124423963134,recomp,isquios,bisagra,barra,True,2.5,72.5,7,0.0,0.0,3,3,1522.5,89.41666666666667,72.5,70.0,,0.0,1.0,1740.0,91.83333333333333,2.0,0.0,12.0,7.26,83.26,2322,2448,-126,149.8,1.8,7,70.0,-2.5
sim-001,peso-muerto,35,4,M,18.0,166.4,25.252073732718895,recomp,isquios,bisagra,barra,True,2.5,70.0,8,0.0,0.0,3,3,1680.0,88.66666666666666,72.5,72.5,70.0,0.0,0.0,1522.5,89.41666666666667,12.0,-3.45,2.0,6.56,83.54,2408,2448,-40,155.5,1.86,7,70.0,0.0
sim-001,peso-muerto,37,5,M,18.0,166.4,25.252073732718895,recomp,isquios,bisagra,barra,True,2.5,70.0,8,0.0,0.0,3,3,1680.0,88.66666666666666,70.0,72.5,72.5,0.0,0.0,1680.0,88.66666666666666,2.0,0.0,21.0,6.56,83.54,2408,2448,-40,155.5,1.86,7,67.5,-2.5
sim-001,peso-muerto,58,6,M,18.0,166.4,25.943317972350233,recomp,isquios,bisagra,barra,True,2.5,67.5,8,2.0,2.0,3,3,1620.0,85.5,70.0,70.0,72.5,0.0,0.0,1680.0,88.66666666666666,21.0,-3.57,5.0,7.06,83.29,2548,2448,100,168.1,2.02,7,70.0,2.5
sim-001,peso-muerto,63,7,M,18.0,166.4,26.173732718894012,recomp,isquios,bisagra,barra,True,2.5,70.0,8,0.0,0.0,3,3,1680.0,88.66666666666666,67.5,70.0,70.0,2.0,0.0,1620.0,85.5,5.0,3.7,7.0,7.57,83.58,2468,2448,20,147.4,1.76,7,70.0,0.0
sim-001,peso-muerto,70,8,M,18.0,166.4,26.404147465437788,recomp,isquios,bisagra,barra,True,2.5,70.0,8,0.0,0.0,3,3,1680.0,88.66666666666666,70.0,67.5,70.0,0.0,2.0,1680.0,88.66666666666666,7.0,0.0,2.0,6.51,83.75,2497,2448,49,139.1,1.66,7,67.5,-2.5
sim-001,peso-muerto,72,9,M,18.0,166.4,26.404147465437788,recomp,isquios,bisagra,barra,True,2.5,67.5,8,1.0,1.0,3,3,1620.0,85.5,70.0,70.0,67.5,0.0,0.0,1680.0,88.66666666666666,2.0,-3.57,,6.51,83.75,2497,2448,49,139.1,1.66,7,,
sim-001,elevaciones-laterales,2,1,M,18.0,166.4,24.1,recomp,hombro,aislamiento,mancuerna,False,2.0,4.0,12,5.0,5.0,3,3,144.0,5.6,,,,,,,,,,23.0,7.08,82.83,2436,2448,-12,161.2,1.95,7,6.0,2.0
sim-001,elevaciones-laterales,25,2,M,18.0,166.4,24.79124423963134,recomp,hombro,aislamiento,mancuerna,False,2.0,6.0,1,0.0,0.0,3,3,18.0,6.200000000000001,4.0,,,5.0,,144.0,5.6,23.0,50.0,3.0,7.26,83.26,2322,2448,-126,149.8,1.8,7,6.0,0.0
sim-001,elevaciones-laterales,28,3,M,18.0,166.4,25.021658986175115,recomp,hombro,aislamiento,mancuerna,False,2.0,6.0,1,0.0,0.0,3,3,18.0,6.200000000000001,6.0,4.0,,0.0,5.0,18.0,6.200000000000001,3.0,0.0,7.0,7.1,83.33,2557,2448,109,150.9,1.81,7,4.0,-2.0
sim-001,elevaciones-laterales,35,4,M,18.0,166.4,25.252073732718895,recomp,hombro,aislamiento,mancuerna,False,2.0,4.0,12,5.0,5.0,3,3,144.0,5.6,6.0,6.0,4.0,0.0,0.0,18.0,6.200000000000001,7.0,-33.33,9.0,6.56,83.54,2408,2448,-40,155.5,1.86,7,8.0,4.0
sim-001,elevaciones-laterales,44,5,M,18.0,166.4,25.482488479262674,recomp,hombro,aislamiento,mancuerna,False,2.0,8.0,1,0.0,0.0,3,3,24.0,8.266666666666667,4.0,6.0,6.0,5.0,0.0,144.0,5.6,9.0,100.0,9.0,7.41,83.37,2595,2448,147,162.7,1.95,7,8.0,0.0
sim-001,elevaciones-laterales,53,6,M,18.0,166.4,25.712903225806453,recomp,hombro,aislamiento,mancuerna,False,2.0,8.0,1,1.0,1.0,3,3,24.0,8.266666666666667,8.0,4.0,6.0,0.0,5.0,24.0,8.266666666666667,9.0,0.0,5.0,6.71,83.51,2487,2448,39,151.0,1.81,7,6.0,-2.0
sim-001,elevaciones-laterales,58,7,M,18.0,166.4,25.943317972350233,recomp,hombro,aislamiento,mancuerna,False,2.0,6.0,1,0.0,0.0,3,3,18.0,6.200000000000001,8.0,8.0,4.0,1.0,0.0,24.0,8.266666666666667,5.0,-25.0,2.0,7.06,83.29,2548,2448,100,168.1,2.02,7,6.0,0.0
sim-001,elevaciones-laterales,60,8,M,18.0,166.4,25.943317972350233,recomp,hombro,aislamiento,mancuerna,False,2.0,6.0,1,0.0,0.0,3,3,18.0,6.200000000000001,6.0,8.0,8.0,0.0,1.0,18.0,6.200000000000001,2.0,0.0,3.0,7.06,83.29,2548,2448,100,168.1,2.02,7,4.0,-2.0
sim-001,elevaciones-laterales,63,9,M,18.0,166.4,26.173732718894012,recomp,hombro,aislamiento,mancuerna,False,2.0,4.0,12,5.0,5.0,3,3,144.0,5.6,6.0,6.0,8.0,0.0,0.0,18.0,6.200000000000001,3.0,-33.33,4.0,7.57,83.58,2468,2448,20,147.4,1.76,7,8.0,4.0
sim-001,elevaciones-laterales,67,10,M,18.0,166.4,26.173732718894012,recomp,hombro,aislamiento,mancuerna,False,2.0,8.0,1,0.0,0.0,3,3,24.0,8.266666666666667,4.0,6.0,6.0,5.0,0.0,144.0,5.6,4.0,100.0,12.0,7.57,83.58,2468,2448,20,147.4,1.76,7,8.0,0.0
sim-001,elevaciones-laterales,79,11,M,18.0,166.4,26.634562211981567,recomp,hombro,aislamiento,mancuerna,False,2.0,8.0,1,0.0,0.0,3,3,24.0,8.266666666666667,8.0,4.0,6.0,0.0,5.0,24.0,8.266666666666667,12.0,0.0,,7.57,83.55,2545,2448,97,163.3,1.95,7,,
sim-002,peso-muerto,0,1,M,27.7,159.5,10.8,fat_loss,isquios,bisagra,barra,True,2.5,82.5,8,3.0,3.0,3,3,1980.0,104.5,,,,,,,,,,7.0,7.49,78.83,1813,1966,-153,113.4,1.44,7,82.5,0.0
sim-002,peso-muerto,7,2,M,27.7,159.5,11.03041474654378,fat_loss,isquios,bisagra,barra,True,2.5,82.5,8,0.0,0.0,3,3,1980.0,104.5,82.5,,,3.0,,1980.0,104.5,7.0,0.0,7.0,7.39,78.53,1857,1966,-109,131.2,1.67,7,82.5,0.0
sim-002,peso-muerto,14,3,M,27.7,159.5,11.260829493087558,fat_loss,isquios,bisagra,barra,True,2.5,82.5,8,1.0,1.0,3,3,1980.0,104.5,82.5,82.5,,0.0,3.0,1980.0,104.5,7.0,0.0,2.0,7.39,78.59,2028,1966,62,128.2,1.63,7,85.0,2.5
sim-002,peso-muerto,16,4,M,27.7,159.5,11.260829493087558,fat_loss,isquios,bisagra,barra,True,2.5,85.0,7,0.0,0.0,3,3,1785.0,104.83333333333334,82.5,82.5,82.5,1.0,0.0,1980.0,104.5,2.0,3.03,7.0,7.39,78.59,2028,1966,62,128.2,1.63,7,85.0,0.0
sim-002,peso-muerto,23,5,M,27.7,159.5,11.491244239631337,fat_loss,isquios,bisagra,barra,True,2.5,85.0,7,0.0,0.0,3,3,1785.0,104.83333333333334,85.0,82.5,82.5,0.0,1.0,1785.0,104.83333333333334,7.0,0.0,5.0,6.38,78.54,1918,1966,-48,105.2,1.34,7,82.5,-2.5
sim-002,peso-muerto,28,6,M,27.7,159.5,11.721658986175116,fat_loss,isquios,bisagra,barra,True,2.5,82.5,8,2.0,2.0,3,3,1980.0,104.5,85.0,85.0,82.5,0.0,0.0,1785.0,104.83333333333334,5.0,-2.94,7.0,7.48,78.13,1822,1966,-144,117.4,1.5,7,82.5,0.0
sim-002,peso-muerto,35,7,M,27.7,159.5,11.952073732718894,fat_loss,isquios,bisagra,barra,True,2.5,82.5,8,2.0,2.0,3,3,1980.0,104.5,82.5,85.0,85.0,2.0,0.0,1980.0,104.5,7.0,0.0,2.0,7.88,77.63,1784,1966,-182,133.5,1.72,7,82.5,0.0
sim-002,peso-muerto,37,8,M,27.7,159.5,11.952073732718894,fat_loss,isquios,bisagra,barra,True,2.5,82.5,8,0.0,0.0,3,3,1980.0,104.5,82.5,82.5,85.0,2.0,2.0,1980.0,104.5,2.0,0.0,9.0,7.88,77.63,1784,1966,-182,133.5,1.72,7,82.5,0.0
sim-002,peso-muerto,46,9,M,27.7,159.5,12.182488479262673,fat_loss,isquios,bisagra,barra,True,2.5,82.5,8,1.0,1.0,3,3,1980.0,104.5,82.5,82.5,82.5,0.0,2.0,1980.0,104.5,9.0,0.0,3.0,5.94,77.6,1863,1966,-103,130.3,1.68,7,85.0,2.5
sim-002,peso-muerto,49,10,M,27.7,159.5,12.412903225806453,fat_loss,isquios,bisagra,barra,True,2.5,85.0,7,0.0,0.0,3,3,1785.0,104.83333333333334,82.5,82.5,82.5,1.0,0.0,1980.0,104.5,3.0,3.03,9.0,7.76,77.36,1780,1966,-186,113.8,1.47,7,85.0,0.0
sim-002,peso-muerto,58,11,M,27.7,159.5,12.643317972350232,fat_loss,isquios,bisagra,barra,True,2.5,85.0,8,0.0,0.0,3,3,2040.0,107.66666666666666,85.0,82.5,82.5,0.0,1.0,1785.0,104.83333333333334,9.0,0.0,2.0,7.21,77.58,2143,1966,177,141.7,1.83,7,82.5,-2.5
sim-002,peso-muerto,60,12,M,27.7,159.5,12.643317972350232,fat_loss,isquios,bisagra,barra,True,2.5,82.5,8,0.0,0.0,3,3,1980.0,104.5,85.0,85.0,82.5,0.0,0.0,2040.0,107.66666666666666,2.0,-2.94,12.0,7.21,77.58,2143,1966,177,141.7,1.83,7,82.5,0.0
sim-002,peso-muerto,72,13,M,27.7,159.5,13.104147465437789,fat_loss,isquios,bisagra,barra,True,2.5,82.5,8,1.0,1.0,3,3,1980.0,104.5,82.5,85.0,85.0,0.0,0.0,1980.0,104.5,12.0,0.0,2.0,8.36,77.43,1883,1966,-83,127.8,1.65,7,82.5,0.0
sim-002,peso-muerto,74,14,M,27.7,159.5,13.104147465437789,fat_loss,isquios,bisagra,barra,True,2.5,82.5,8,1.0,1.0,3,3,1980.0,104.5,82.5,82.5,85.0,1.0,0.0,1980.0,104.5,2.0,0.0,3.0,8.36,77.43,1883,1966,-83,127.8,1.65,7,82.5,0.0
sim-002,peso-muerto,77,15,M,27.7,159.5,13.334562211981567,fat_loss,isquios,bisagra,barra,True,2.5,82.5,8,2.0,2.0,3,3,1980.0,104.5,82.5,82.5,82.5,1.0,1.0,1980.0,104.5,3.0,0.0,2.0,6.63,77.11,1924,1966,-42,121.1,1.57,7,85.0,2.5
sim-002,peso-muerto,79,16,M,27.7,159.5,13.334562211981567,fat_loss,isquios,bisagra,barra,True,2.5,85.0,7,1.0,1.0,3,3,1785.0,104.83333333333334,82.5,82.5,82.5,2.0,1.0,1980.0,104.5,2.0,3.03,2.0,6.63,77.11,1924,1966,-42,121.1,1.57,7,85.0,0.0
sim-002,peso-muerto,81,17,M,27.7,159.5,13.334562211981567,fat_loss,isquios,bisagra,barra,True,2.5,85.0,7,0.0,0.0,3,3,1785.0,104.83333333333334,85.0,82.5,82.5,1.0,2.0,1785.0,104.83333333333334,2.0,0.0,,6.63,77.11,1924,1966,-42,121.1,1.57,7,,
sim-002,press-banca-inclinado,21,1,M,27.7,159.5,11.491244239631337,fat_loss,pecho,empuje_horizontal,barra,True,2.5,40.0,8,1.0,1.0,3,3,960.0,50.666666666666664,,,,,,,,,,16.0,6.38,78.54,1918,1966,-48,105.2,1.34,7,40.0,0.0
sim-002,press-banca-inclinado,37,2,M,27.7,159.5,11.952073732718894,fat_loss,pecho,empuje_horizontal,barra,True,2.5,40.0,8,2.0,2.0,3,3,960.0,50.666666666666664,40.0,,,1.0,,960.0,50.666666666666664,16.0,0.0,2.0,7.88,77.63,1784,1966,-182,133.5,1.72,7,40.0,0.0
sim-002,press-banca-inclinado,39,3,M,27.7,159.5,11.952073732718894,fat_loss,pecho,empuje_horizontal,barra,True,2.5,40.0,8,1.0,1.0,3,3,960.0,50.666666666666664,40.0,40.0,,2.0,1.0,960.0,50.666666666666664,2.0,0.0,3.0,7.88,77.63,1784,1966,-182,133.5,1.72,7,40.0,0.0
sim-002,press-banca-inclinado,42,4,M,27.7,159.5,12.182488479262673,fat_loss,pecho,empuje_horizontal,barra,True,2.5,40.0,8,0.0,0.0,3,3,960.0,50.666666666666664,40.0,40.0,40.0,1.0,2.0,960.0,50.666666666666664,3.0,0.0,14.0,5.94,77.6,1863,1966,-103,130.3,1.68,7,40.0,0.0
sim-002,press-banca-inclinado,56,5,M,27.7,159.5,12.643317972350232,fat_loss,pecho,empuje_horizontal,barra,True,2.5,40.0,8,1.0,1.0,3,3,960.0,50.666666666666664,40.0,40.0,40.0,0.0,1.0,960.0,50.666666666666664,14.0,0.0,2.0,7.21,77.58,2143,1966,177,141.7,1.83,7,42.5,2.5
sim-002,press-banca-inclinado,58,6,M,27.7,159.5,12.643317972350232,fat_loss,pecho,empuje_horizontal,barra,True,2.5,42.5,6,0.0,0.0,3,3,765.0,51.0,40.0,40.0,40.0,1.0,0.0,960.0,50.666666666666664,2.0,6.25,2.0,7.21,77.58,2143,1966,177,141.7,1.83,7,42.5,0.0
sim-002,press-banca-inclinado,60,7,M,27.7,159.5,12.643317972350232,fat_loss,pecho,empuje_horizontal,barra,True,2.5,42.5,6,1.0,1.0,3,3,765.0,51.0,42.5,40.0,40.0,0.0,1.0,765.0,51.0,2.0,0.0,7.0,7.21,77.58,2143,1966,177,141.7,1.83,7,40.0,-2.5
sim-002,press-banca-inclinado,67,8,M,27.7,159.5,12.87373271889401,fat_loss,pecho,empuje_horizontal,barra,True,2.5,40.0,8,0.0,0.0,3,3,960.0,50.666666666666664,42.5,42.5,40.0,1.0,0.0,765.0,51.0,7.0,-5.88,3.0,7.73,77.75,1914,1966,-52,126.2,1.62,7,40.0,0.0
sim-002,press-banca-inclinado,70,9,M,27.7,159.5,13.104147465437789,fat_loss,pecho,empuje_horizontal,barra,True,2.5,40.0,8,1.0,1.0,3,3,960.0,50.666666666666664,40.0,42.5,42.5,0.0,1.0,960.0,50.666666666666664,3.0,0.0,7.0,8.36,77.43,1883,1966,-83,127.8,1.65,7,40.0,0.0
sim-002,press-banca-inclinado,77,10,M,27.7,159.5,13.334562211981567,fat_loss,pecho,empuje_horizontal,barra,True,2.5,40.0,8,2.0,2.0,3,3,960.0,50.666666666666664,40.0,40.0,42.5,1.0,0.0,960.0,50.666666666666664,7.0,0.0,2.0,6.63,77.11,1924,1966,-42,121.1,1.57,7,42.5,2.5
sim-002,press-banca-inclinado,79,11,M,27.7,159.5,13.334562211981567,fat_loss,pecho,empuje_horizontal,barra,True,2.5,42.5,6,1.0,1.0,3,3,765.0,51.0,40.0,40.0,40.0,2.0,1.0,960.0,50.666666666666664,2.0,6.25,,6.63,77.11,1924,1966,-42,121.1,1.57,7,,
sim-002,jalon-al-pecho,2,1,M,27.7,159.5,10.8,fat_loss,espalda,jale_vertical,polea,True,2.5,35.0,8,3.0,3.0,3,3,840.0,44.33333333333333,,,,,,,,,,7.0,7.49,78.83,1813,1966,-153,113.4,1.44,7,35.0,0.0
sim-002,jalon-al-pecho,9,2,M,27.7,159.5,11.03041474654378,fat_loss,espalda,jale_vertical,polea,True,2.5,35.0,8,2.0,2.0,3,3,840.0,44.33333333333333,35.0,,,3.0,,840.0,44.33333333333333,7.0,0.0,2.0,7.39,78.53,1857,1966,-109,131.2,1.67,7,37.5,2.5
sim-002,jalon-al-pecho,11,3,M,27.7,159.5,11.03041474654378,fat_loss,espalda,jale_vertical,polea,True,2.5,37.5,7,0.0,0.0,3,3,787.5,46.25,35.0,35.0,,2.0,3.0,840.0,44.33333333333333,2.0,7.14,3.0,7.39,78.53,1857,1966,-109,131.2,1.67,7,37.5,0.0
sim-002,jalon-al-pecho,14,4,M,27.7,159.5,11.260829493087558,fat_loss,espalda,jale_vertical,polea,True,2.5,37.5,7,0.0,0.0,3,3,787.5,46.25,37.5,35.0,35.0,0.0,2.0,787.5,46.25,3.0,0.0,9.0,7.39,78.59,2028,1966,62,128.2,1.63,7,35.0,-2.5
sim-002,jalon-al-pecho,23,5,M,27.7,159.5,11.491244239631337,fat_loss,espalda,jale_vertical,polea,True,2.5,35.0,8,0.0,0.0,3,3,840.0,44.33333333333333,37.5,37.5,35.0,0.0,0.0,787.5,46.25,9.0,-6.67,21.0,6.38,78.54,1918,1966,-48,105.2,1.34,7,35.0,0.0
sim-002,jalon-al-pecho,44,6,M,27.7,159.5,12.182488479262673,fat_loss,espalda,jale_vertical,polea,True,2.5,35.0,8,3.0,3.0,3,3,840.0,44.33333333333333,35.0,37.5,37.5,0.0,0.0,840.0,44.33333333333333,21.0,0.0,5.0,5.94,77.6,1863,1966,-103,130.3,1.68,7,35.0,0.0
sim-002,jalon-al-pecho,49,7,M,27.7,159.5,12.412903225806453,fat_loss,espalda,jale_vertical,polea,True,2.5,35.0,8,3.0,3.0,3,3,840.0,44.33333333333333,35.0,35.0,37.5,3.0,0.0,840.0,44.33333333333333,5.0,0.0,7.0,7.76,77.36,1780,1966,-186,113.8,1.47,7,37.5,2.5
sim-002,jalon-al-pecho,56,8,M,27.7,159.5,12.643317972350232,fat_loss,espalda,jale_vertical,polea,True,2.5,37.5,8,0.0,0.0,3,3,900.0,47.5,35.0,35.0,35.0,3.0,3.0,840.0,44.33333333333333,7.0,7.14,7.0,7.21,77.58,2143,1966,177,141.7,1.83,7,37.5,0.0
sim-002,jalon-al-pecho,63,9,M,27.7,159.5,12.87373271889401,fat_loss,espalda,jale_vertical,polea,True,2.5,37.5,8,1.0,1.0,3,3,900.0,47.5,37.5,35.0,35.0,0.0,3.0,900.0,47.5,7.0,0.0,4.0,7.73,77.75,1914,1966,-52,126.2,1.62,7,37.5,0.0
sim-002,jalon-al-pecho,67,10,M,27.7,159.5,12.87373271889401,fat_loss,espalda,jale_vertical,polea,True,2.5,37.5,8,0.0,0.0,3,3,900.0,47.5,37.5,37.5,35.0,1.0,0.0,900.0,47.5,4.0,0.0,3.0,7.73,77.75,1914,1966,-52,126.2,1.62,7,37.5,0.0
sim-002,jalon-al-pecho,70,11,M,27.7,159.5,13.104147465437789,fat_loss,espalda,jale_vertical,polea,True,2.5,37.5,7,0.0,0.0,3,3,787.5,46.25,37.5,37.5,37.5,0.0,1.0,900.0,47.5,3.0,0.0,4.0,8.36,77.43,1883,1966,-83,127.8,1.65,7,35.0,-2.5
sim-002,jalon-al-pecho,74,12,M,27.7,159.5,13.104147465437789,fat_loss,espalda,jale_vertical,polea,True,2.5,35.0,8,1.0,1.0,3,3,840.0,44.33333333333333,37.5,37.5,37.5,0.0,0.0,787.5,46.25,4.0,-6.67,3.0,8.36,77.43,1883,1966,-83,127.8,1.65,7,35.0,0.0
sim-002,jalon-al-pecho,77,13,M,27.7,159.5,13.334562211981567,fat_loss,espalda,jale_vertical,polea,True,2.5,35.0,8,2.0,2.0,3,3,840.0,44.33333333333333,35.0,37.5,37.5,1.0,0.0,840.0,44.33333333333333,3.0,0.0,4.0,6.63,77.11,1924,1966,-42,121.1,1.57,7,35.0,0.0
sim-002,jalon-al-pecho,81,14,M,27.7,159.5,13.334562211981567,fat_loss,espalda,jale_vertical,polea,True,2.5,35.0,8,2.0,2.0,3,3,840.0,44.33333333333333,35.0,35.0,37.5,2.0,1.0,840.0,44.33333333333333,4.0,0.0,,6.63,77.11,1924,1966,-42,121.1,1.57,7,,
sim-002,elevaciones-laterales,2,1,M,27.7,159.5,10.8,fat_loss,hombro,aislamiento,mancuerna,False,2.0,4.0,12,6.0,6.0,3,3,144.0,5.6,,,,,,,,,,5.0,7.49,78.83,1813,1966,-153,113.4,1.44,7,8.0,4.0
sim-002,elevaciones-laterales,7,2,M,27.7,159.5,11.03041474654378,fat_loss,hombro,aislamiento,mancuerna,False,2.0,8.0,1,0.0,0.0,3,3,24.0,8.266666666666667,4.0,,,6.0,,144.0,5.6,5.0,100.0,2.0,7.39,78.53,1857,1966,-109,131.2,1.67,7,8.0,0.0
sim-002,elevaciones-laterales,9,3,M,27.7,159.5,11.03041474654378,fat_loss,hombro,aislamiento,mancuerna,False,2.0,8.0,1,0.0,0.0,3,3,24.0,8.266666666666667,8.0,4.0,,0.0,6.0,24.0,8.266666666666667,2.0,0.0,2.0,7.39,78.53,1857,1966,-109,131.2,1.67,7,6.0,-2.0
sim-002,elevaciones-laterales,11,4,M,27.7,159.5,11.03041474654378,fat_loss,hombro,aislamiento,mancuerna,False,2.0,6.0,6,0.0,0.0,3,3,108.0,7.199999999999999,8.0,8.0,4.0,0.0,0.0,24.0,8.266666666666667,2.0,-25.0,10.0,7.39,78.53,1857,1966,-109,131.2,1.67,7,6.0,0.0
sim-002,elevaciones-laterales,21,5,M,27.7,159.5,11.491244239631337,fat_loss,hombro,aislamiento,mancuerna,False,2.0,6.0,6,0.0,0.0,3,3,108.0,7.199999999999999,6.0,8.0,8.0,0.0,0.0,108.0,7.199999999999999,10.0,0.0,2.0,6.38,78.54,1918,1966,-48,105.2,1.34,7,4.0,-2.0
sim-002,elevaciones-laterales,23,6,M,27.7,159.5,11.491244239631337,fat_loss,hombro,aislamiento,mancuerna,False,2.0,4.0,12,6.0,6.0,3,3,144.0,5.6,6.0,6.0,8.0,0.0,0.0,108.0,7.199999999999999,2.0,-33.33,5.0,6.38,78.54,1918,1966,-48,105.2,1.34,7,8.0,4.0
sim-002,elevaciones-laterales,28,7,M,27.7,159.5,11.721658986175116,fat_loss,hombro,aislamiento,mancuerna,False,2.0,8.0,1,2.0,2.0,3,3,24.0,8.266666666666667,4.0,6.0,6.0,6.0,0.0,144.0,5.6,5.0,100.0,2.0,7.48,78.13,1822,1966,-144,117.4,1.5,7,8.0,0.0
sim-002,elevaciones-laterales,30,8,M,27.7,159.5,11.721658986175116,fat_loss,hombro,aislamiento,mancuerna,False,2.0,8.0,1,1.0,1.0,3,3,24.0,8.266666666666667,8.0,4.0,6.0,2.0,6.0,24.0,8.266666666666667,2.0,0.0,5.0,7.48,78.13,1822,1966,-144,117.4,1.5,7,6.0,-2.0
sim-002,elevaciones-laterales,35,9,M,27.7,159.5,11.952073732718894,fat_loss,hombro,aislamiento,mancuerna,False,2.0,6.0,6,0.0,0.0,3,3,108.0,7.199999999999999,8.0,8.0,4.0,1.0,2.0,24.0,8.266666666666667,5.0,-25.0,9.0,7.88,77.63,1784,1966,-182,133.5,1.72,7,6.0,0.0
sim-002,elevaciones-laterales,44,10,M,27.7,159.5,12.182488479262673,fat_loss,hombro,aislamiento,mancuerna,False,2.0,6.0,7,0.0,0.0,3,3,126.0,7.4,6.0,8.0,8.0,0.0,1.0,108.0,7.199999999999999,9.0,0.0,2.0,5.94,77.6,1863,1966,-103,130.3,1.68,7,4.0,-2.0
sim-002,elevaciones-laterales,46,11,M,27.7,159.5,12.182488479262673,fat_loss,hombro,aislamiento,mancuerna,False,2.0,4.0,12,6.0,6.0,3,3,144.0,5.6,6.0,6.0,8.0,0.0,0.0,126.0,7.4,2.0,-33.33,5.0,5.94,77.6,1863,1966,-103,130.3,1.68,7,8.0,4.0
sim-002,elevaciones-laterales,51,12,M,27.7,159.5,12.412903225806453,fat_loss,hombro,aislamiento,mancuerna,False,2.0,8.0,1,1.0,1.0,3,3,24.0,8.266666666666667,4.0,6.0,6.0,6.0,0.0,144.0,5.6,5.0,100.0,7.0,7.76,77.36,1780,1966,-186,113.8,1.47,7,8.0,0.0
sim-002,elevaciones-laterales,58,13,M,27.7,159.5,12.643317972350232,fat_loss,hombro,aislamiento,mancuerna,False,2.0,8.0,1,1.0,1.0,3,3,24.0,8.266666666666667,8.0,4.0,6.0,1.0,6.0,24.0,8.266666666666667,7.0,0.0,21.0,7.21,77.58,2143,1966,177,141.7,1.83,7,6.0,-2.0
sim-002,elevaciones-laterales,79,14,M,27.7,159.5,13.334562211981567,fat_loss,hombro,aislamiento,mancuerna,False,2.0,6.0,7,0.0,0.0,3,3,126.0,7.4,8.0,8.0,4.0,1.0,1.0,24.0,8.266666666666667,21.0,-25.0,,6.63,77.11,1924,1966,-42,121.1,1.57,7,,
sim-002,curl-biceps-barra,0,1,M,27.7,159.5,10.8,fat_loss,biceps,aislamiento,barra,False,2.5,17.5,12,1.0,1.0,3,3,630.0,24.5,,,,,,,,,,2.0,7.49,78.83,1813,1966,-153,113.4,1.44,7,17.5,0.0
sim-002,curl-biceps-barra,2,2,M,27.7,159.5,10.8,fat_loss,biceps,aislamiento,barra,False,2.5,17.5,12,0.0,0.0,3,3,630.0,24.5,17.5,,,1.0,,630.0,24.5,2.0,0.0,5.0,7.49,78.83,1813,1966,-153,113.4,1.44,7,17.5,0.0
sim-002,curl-biceps-barra,7,3,M,27.7,159.5,11.03041474654378,fat_loss,biceps,aislamiento,barra,False,2.5,17.5,12,1.0,1.0,3,3,630.0,24.5,17.5,17.5,,0.0,1.0,630.0,24.5,5.0,0.0,2.0,7.39,78.53,1857,1966,-109,131.2,1.67,7,17.5,0.0
sim-002,curl-biceps-barra,9,4,M,27.7,159.5,11.03041474654378,fat_loss,biceps,aislamiento,barra,False,2.5,17.5,12,0.0,0.0,3,3,630.0,24.5,17.5,17.5,17.5,1.0,0.0,630.0,24.5,2.0,0.0,2.0,7.39,78.53,1857,1966,-109,131.2,1.67,7,17.5,0.0
sim-002,curl-biceps-barra,11,5,M,27.7,159.5,11.03041474654378,fat_loss,biceps,aislamiento,barra,False,2.5,17.5,12,0.0,0.0,3,3,630.0,24.5,17.5,17.5,17.5,0.0,1.0,630.0,24.5,2.0,0.0,5.0,7.39,78.53,1857,1966,-109,131.2,1.67,7,17.5,0.0
sim-002,curl-biceps-barra,16,6,M,27.7,159.5,11.260829493087558,fat_loss,biceps,aislamiento,barra,False,2.5,17.5,12,0.0,0.0,3,3,630.0,24.5,17.5,17.5,17.5,0.0,0.0,630.0,24.5,5.0,0.0,14.0,7.39,78.59,2028,1966,62,128.2,1.63,7,17.5,0.0
sim-002,curl-biceps-barra,30,7,M,27.7,159.5,11.721658986175116,fat_loss,biceps,aislamiento,barra,False,2.5,17.5,12,2.0,2.0,3,3,630.0,24.5,17.5,17.5,17.5,0.0,0.0,630.0,24.5,14.0,0.0,9.0,7.48,78.13,1822,1966,-144,117.4,1.5,7,17.5,0.0
sim-002,curl-biceps-barra,39,8,M,27.7,159.5,11.952073732718894,fat_loss,biceps,aislamiento,barra,False,2.5,17.5,12,2.0,2.0,3,3,630.0,24.5,17.5,17.5,17.5,2.0,0.0,630.0,24.5,9.0,0.0,3.0,7.88,77.63,1784,1966,-182,133.5,1.72,7,17.5,0.0
sim-002,curl-biceps-barra,42,9,M,27.7,159.5,12.182488479262673,fat_loss,biceps,aislamiento,barra,False,2.5,17.5,12,2.0,2.0,3,3,630.0,24.5,17.5,17.5,17.5,2.0,2.0,630.0,24.5,3.0,0.0,9.0,5.94,77.6,1863,1966,-103,130.3,1.68,7,22.5,5.0
sim-002,curl-biceps-barra,51,10,M,27.7,159.5,12.412903225806453,fat_loss,biceps,aislamiento,barra,False,2.5,22.5,4,0.0,0.0,3,3,270.0,25.5,17.5,17.5,17.5,2.0,2.0,630.0,24.5,9.0,28.57,5.0,7.76,77.36,1780,1966,-186,113.8,1.47,7,22.5,0.0
sim-002,curl-biceps-barra,56,11,M,27.7,159.5,12.643317972350232,fat_loss,biceps,aislamiento,barra,False,2.5,22.5,4,0.0,0.0,3,3,270.0,25.5,22.5,17.5,17.5,0.0,2.0,270.0,25.5,5.0,0.0,4.0,7.21,77.58,2143,1966,177,141.7,1.83,7,20.0,-2.5
sim-002,curl-biceps-barra,60,12,M,27.7,159.5,12.643317972350232,fat_loss,biceps,aislamiento,barra,False,2.5,20.0,8,0.0,0.0,3,3,480.0,25.333333333333332,22.5,22.5,17.5,0.0,0.0,270.0,25.5,4.0,-11.11,3.0,7.21,77.58,2143,1966,177,141.7,1.83,7,20.0,0.0
sim-002,curl-biceps-barra,63,13,M,27.7,159.5,12.87373271889401,fat_loss,biceps,aislamiento,barra,False,2.5,20.0,8,0.0,0.0,3,3,480.0,25.333333333333332,20.0,22.5,22.5,0.0,0.0,480.0,25.333333333333332,3.0,0.0,4.0,7.73,77.75,1914,1966,-52,126.2,1.62,7,17.5,-2.5
sim-002,curl-biceps-barra,67,14,M,27.7,159.5,12.87373271889401,fat_loss,biceps,aislamiento,barra,False,2.5,17.5,12,1.0,1.0,3,3,630.0,24.5,20.0,20.0,22.5,0.0,0.0,480.0,25.333333333333332,4.0,-12.5,3.0,7.73,77.75,1914,1966,-52,126.2,1.62,7,17.5,0.0
sim-002,curl-biceps-barra,70,15,M,27.7,159.5,13.104147465437789,fat_loss,biceps,aislamiento,barra,False,2.5,17.5,12,3.0,3.0,3,3,630.0,24.5,17.5,20.0,20.0,1.0,0.0,630.0,24.5,3.0,0.0,2.0,8.36,77.43,1883,1966,-83,127.8,1.65,7,20.0,2.5
sim-002,curl-biceps-barra,72,16,M,27.7,159.5,13.104147465437789,fat_loss,biceps,aislamiento,barra,False,2.5,20.0,8,0.0,0.0,3,3,480.0,25.333333333333332,17.5,17.5,20.0,3.0,1.0,630.0,24.5,2.0,14.29,,8.36,77.43,1883,1966,-83,127.8,1.65,7,,
sim-003,elevaciones-laterales,2,1,M,28.3,172.0,14.1,fat_loss,hombro,aislamiento,mancuerna,False,2.0,4.0,12,6.0,6.0,3,3,144.0,5.6,,,,,,,,,,7.0,6.64,70.13,2298,2072,226,109.8,1.57,7,10.0,6.0
sim-003,elevaciones-laterales,9,2,M,28.3,172.0,14.330414746543779,fat_loss,hombro,aislamiento,mancuerna,False,2.0,10.0,1,0.0,0.0,3,3,30.0,10.333333333333334,4.0,,,6.0,,144.0,5.6,7.0,150.0,7.0,6.27,70.24,2255,2072,183,106.9,1.52,7,10.0,0.0
sim-003,elevaciones-laterales,16,3,M,28.3,172.0,14.560829493087557,fat_loss,hombro,aislamiento,mancuerna,False,2.0,10.0,1,0.0,0.0,3,3,30.0,10.333333333333334,10.0,4.0,,0.0,6.0,30.0,10.333333333333334,7.0,0.0,7.0,7.47,70.56,2345,2072,273,106.6,1.51,7,8.0,-2.0
sim-003,elevaciones-laterales,23,4,M,28.3,172.0,14.791244239631336,fat_loss,hombro,aislamiento,mancuerna,False,2.0,8.0,1,0.0,0.0,3,3,24.0,8.266666666666667,10.0,10.0,4.0,0.0,0.0,30.0,10.333333333333334,7.0,-20.0,9.0,7.65,70.71,2339,2072,267,95.6,1.35,7,8.0,0.0
sim-003,elevaciones-laterales,32,5,M,28.3,172.0,15.021658986175115,fat_loss,hombro,aislamiento,mancuerna,False,2.0,8.0,1,0.0,0.0,3,3,24.0,8.266666666666667,8.0,10.0,10.0,0.0,0.0,24.0,8.266666666666667,9.0,0.0,10.0,6.79,71.21,2384,2072,312,112.3,1.58,7,6.0,-2.0
sim-003,elevaciones-laterales,42,6,M,28.3,172.0,15.482488479262672,fat_loss,hombro,aislamiento,mancuerna,False,2.0,6.0,7,0.0,0.0,3,3,126.0,7.4,8.0,8.0,10.0,0.0,0.0,24.0,8.266666666666667,10.0,-25.0,16.0,6.83,71.7,2211,2072,139,89.9,1.25,7,6.0,0.0
sim-003,elevaciones-laterales,58,7,M,28.3,172.0,15.94331797235023,fat_loss,hombro,aislamiento,mancuerna,False,2.0,6.0,7,0.0,0.0,3,3,126.0,7.4,6.0,8.0,8.0,0.0,0.0,126.0,7.4,16.0,0.0,,6.4,72.07,2185,2072,113,124.7,1.73,7,,
sim-003,press-banca-inclinado,4,1,M,28.3,172.0,14.1,fat_loss,pecho,empuje_horizontal,barra,True,2.5,35.0,8,2.0,2.0,3,3,840.0,44.33333333333333,,,,,,,,,,3.0,6.64,70.13,2298,2072,226,109.8,1.57,7,35.0,0.0
sim-003,press-banca-inclinado,7,2,M,28.3,172.0,14.330414746543779,fat_loss,pecho,empuje_horizontal,barra,True,2.5,35.0,8,3.0,3.0,3,3,840.0,44.33333333333333,35.0,,,2.0,,840.0,44.33333333333333,3.0,0.0,2.0,6.27,70.24,2255,2072,183,106.9,1.52,7,35.0,0.0
sim-003,press-banca-inclinado,9,3,M,28.3,172.0,14.330414746543779,fat_loss,pecho,empuje_horizontal,barra,True,2.5,35.0,8,1.0,1.0,3,3,840.0,44.33333333333333,35.0,35.0,,3.0,2.0,840.0,44.33333333333333,2.0,0.0,42.0,6.27,70.24,2255,2072,183,106.9,1.52,7,37.5,2.5
sim-003,press-banca-inclinado,51,4,M,28.3,172.0,15.712903225806452,fat_loss,pecho,empuje_horizontal,barra,True,2.5,37.5,8,1.0,1.0,3,3,900.0,47.5,35.0,35.0,35.0,1.0,3.0,840.0,44.33333333333333,42.0,7.14,5.0,6.72,71.91,2120,2072,48,106.4,1.48,7,37.5,0.0
sim-003,press-banca-inclinado,56,5,M,28.3,172.0,15.94331797235023,fat_loss,pecho,empuje_horizontal,barra,True,2.5,37.5,8,1.0,1.0,3,3,900.0,47.5,37.5,35.0,35.0,1.0,1.0,900.0,47.5,5.0,0.0,14.0,6.4,72.07,2185,2072,113,124.7,1.73,7,40.0,2.5
sim-003,press-banca-inclinado,70,6,M,28.3,172.0,16.404147465437788,fat_loss,pecho,empuje_horizontal,barra,True,2.5,40.0,6,0.0,0.0,3,3,720.0,48.0,37.5,37.5,35.0,1.0,1.0,900.0,47.5,14.0,6.67,7.0,6.71,72.66,2239,2072,167,109.0,1.5,7,40.0,0.0
sim-003,press-banca-inclinado,77,7,M,28.3,172.0,16.634562211981567,fat_loss,pecho,empuje_horizontal,barra,True,2.5,40.0,6,0.0,0.0,3,3,720.0,48.0,40.0,37.5,37.5,0.0,1.0,720.0,48.0,7.0,0.0,,7.83,72.46,2148,2072,76,108.9,1.5,7,,
sim-003,peso-muerto,4,1,M,28.3,172.0,14.1,fat_loss,isquios,bisagra,barra,True,2.5,80.0,8,0.0,0.0,3,3,1920.0,101.33333333333333,,,,,,,,,,7.0,6.64,70.13,2298,2072,226,109.8,1.57,7,80.0,0.0
sim-003,peso-muerto,11,2,M,28.3,172.0,14.330414746543779,fat_loss,isquios,bisagra,barra,True,2.5,80.0,8,1.0,1.0,3,3,1920.0,101.33333333333333,80.0,,,0.0,,1920.0,101.33333333333333,7.0,0.0,5.0,6.27,70.24,2255,2072,183,106.9,1.52,7,80.0,0.0
sim-003,peso-muerto,16,3,M,28.3,172.0,14.560829493087557,fat_loss,isquios,bisagra,barra,True,2.5,80.0,8,1.0,1.0,3,3,1920.0,101.33333333333333,80.0,80.0,,1.0,0.0,1920.0,101.33333333333333,5.0,0.0,2.0,7.47,70.56,2345,2072,273,106.6,1.51,7,82.5,2.5
sim-003,peso-muerto,18,4,M,28.3,172.0,14.560829493087557,fat_loss,isquios,bisagra,barra,True,2.5,82.5,7,0.0,0.0,3,3,1732.5,101.75,80.0,80.0,80.0,1.0,1.0,1920.0,101.33333333333333,2.0,3.12,3.0,7.47,70.56,2345,2072,273,106.6,1.51,7,82.5,0.0
sim-003,peso-muerto,21,5,M,28.3,172.0,14.791244239631336,fat_loss,isquios,bisagra,barra,True,2.5,82.5,7,1.0,1.0,3,3,1732.5,101.75,82.5,80.0,80.0,0.0,1.0,1732.5,101.75,3.0,0.0,2.0,7.65,70.71,2339,2072,267,95.6,1.35,7,80.0,-2.5
sim-003,peso-muerto,23,6,M,28.3,172.0,14.791244239631336,fat_loss,isquios,bisagra,barra,True,2.5,80.0,8,0.0,0.0,3,3,1920.0,101.33333333333333,82.5,82.5,80.0,1.0,0.0,1732.5,101.75,2.0,-3.03,30.0,7.65,70.71,2339,2072,267,95.6,1.35,7,80.0,0.0
sim-003,peso-muerto,53,7,M,28.3,172.0,15.712903225806452,fat_loss,isquios,bisagra,barra,True,2.5,80.0,8,2.0,2.0,3,3,1920.0,101.33333333333333,80.0,82.5,82.5,0.0,1.0,1920.0,101.33333333333333,30.0,0.0,10.0,6.72,71.91,2120,2072,48,106.4,1.48,7,80.0,0.0
sim-003,peso-muerto,63,8,M,28.3,172.0,16.17373271889401,fat_loss,isquios,bisagra,barra,True,2.5,80.0,8,2.0,2.0,3,3,1920.0,101.33333333333333,80.0,80.0,82.5,2.0,0.0,1920.0,101.33333333333333,10.0,0.0,4.0,7.34,72.24,2062,2072,-10,136.7,1.89,7,80.0,0.0
sim-003,peso-muerto,67,9,M,28.3,172.0,16.17373271889401,fat_loss,isquios,bisagra,barra,True,2.5,80.0,8,2.0,2.0,3,3,1920.0,101.33333333333333,80.0,80.0,80.0,2.0,2.0,1920.0,101.33333333333333,4.0,0.0,12.0,7.34,72.24,2062,2072,-10,136.7,1.89,7,80.0,0.0
sim-003,peso-muerto,79,10,M,28.3,172.0,16.634562211981567,fat_loss,isquios,bisagra,barra,True,2.5,80.0,8,2.0,2.0,3,3,1920.0,101.33333333333333,80.0,80.0,80.0,2.0,2.0,1920.0,101.33333333333333,12.0,0.0,2.0,7.83,72.46,2148,2072,76,108.9,1.5,7,80.0,0.0
sim-003,peso-muerto,81,11,M,28.3,172.0,16.634562211981567,fat_loss,isquios,bisagra,barra,True,2.5,80.0,8,0.0,0.0,3,3,1920.0,101.33333333333333,80.0,80.0,80.0,2.0,2.0,1920.0,101.33333333333333,2.0,0.0,,7.83,72.46,2148,2072,76,108.9,1.5,7,,
sim-003,jalon-al-pecho,4,1,M,28.3,172.0,14.1,fat_loss,espalda,jale_vertical,polea,True,2.5,35.0,8,3.0,3.0,3,3,840.0,44.33333333333333,,,,,,,,,,17.0,6.64,70.13,2298,2072,226,109.8,1.57,7,37.5,2.5
sim-003,jalon-al-pecho,21,2,M,28.3,172.0,14.791244239631336,fat_loss,espalda,jale_vertical,polea,True,2.5,37.5,8,0.0,0.0,3,3,900.0,47.5,35.0,,,3.0,,840.0,44.33333333333333,17.0,7.14,2.0,7.65,70.71,2339,2072,267,95.6,1.35,7,37.5,0.0
sim-003,jalon-al-pecho,23,3,M,28.3,172.0,14.791244239631336,fat_loss,espalda,jale_vertical,polea,True,2.5,37.5,8,0.0,0.0,3,3,900.0,47.5,37.5,35.0,,0.0,3.0,900.0,47.5,2.0,0.0,7.0,7.65,70.71,2339,2072,267,95.6,1.35,7,35.0,-2.5
sim-003,jalon-al-pecho,30,4,M,28.3,172.0,15.021658986175115,fat_loss,espalda,jale_vertical,polea,True,2.5,35.0,8,3.0,3.0,3,3,840.0,44.33333333333333,37.5,37.5,35.0,0.0,0.0,900.0,47.5,7.0,-6.67,2.0,6.79,71.21,2384,2072,312,112.3,1.58,7,37.5,2.5
sim-003,jalon-al-pecho,32,5,M,28.3,172.0,15.021658986175115,fat_loss,espalda,jale_vertical,polea,True,2.5,37.5,7,0.0,0.0,3,3,787.5,46.25,35.0,37.5,37.5,3.0,0.0,840.0,44.33333333333333,2.0,7.14,7.0,6.79,71.21,2384,2072,312,112.3,1.58,7,37.5,0.0
sim-003,jalon-al-pecho,39,6,M,28.3,172.0,15.252073732718895,fat_loss,espalda,jale_vertical,polea,True,2.5,37.5,8,0.0,0.0,3,3,900.0,47.5,37.5,35.0,37.5,0.0,3.0,787.5,46.25,7.0,0.0,7.0,7.17,71.44,2180,2072,108,83.6,1.17,7,35.0,-2.5
sim-003,jalon-al-pecho,46,7,M,28.3,172.0,15.482488479262672,fat_loss,espalda,jale_vertical,polea,True,2.5,35.0,8,3.0,3.0,3,3,840.0,44.33333333333333,37.5,37.5,35.0,0.0,0.0,900.0,47.5,7.0,-6.67,12.0,6.83,71.7,2211,2072,139,89.9,1.25,7,35.0,0.0
sim-003,jalon-al-pecho,58,8,M,28.3,172.0,15.94331797235023,fat_loss,espalda,jale_vertical,polea,True,2.5,35.0,8,4.0,4.0,3,3,840.0,44.33333333333333,35.0,37.5,37.5,3.0,0.0,840.0,44.33333333333333,12.0,0.0,14.0,6.4,72.07,2185,2072,113,124.7,1.73,7,37.5,2.5
sim-003,jalon-al-pecho,72,9,M,28.3,172.0,16.404147465437788,fat_loss,espalda,jale_vertical,polea,True,2.5,37.5,8,0.0,0.0,3,3,900.0,47.5,35.0,35.0,37.5,4.0,3.0,840.0,44.33333333333333,14.0,7.14,9.0,6.71,72.66,2239,2072,167,109.0,1.5,7,37.5,0.0
sim-003,jalon-al-pecho,81,10,M,28.3,172.0,16.634562211981567,fat_loss,espalda,jale_vertical,polea,True,2.5,37.5,8,0.0,0.0,3,3,900.0,47.5,37.5,35.0,35.0,0.0,4.0,900.0,47.5,9.0,0.0,,7.83,72.46,2148,2072,76,108.9,1.5,7,,
sim-003,press-militar-barra,7,1,M,28.3,172.0,14.330414746543779,fat_loss,hombro,empuje_vertical,barra,True,2.5,22.5,8,3.0,3.0,3,3,540.0,28.5,,,,,,,,,,18.0,6.27,70.24,2255,2072,183,106.9,1.52,7,22.5,0.0
sim-003,press-militar-barra,25,2,M,28.3,172.0,14.791244239631336,fat_loss,hombro,empuje_vertical,barra,True,2.5,22.5,8,1.0,1.0,3,3,540.0,28.5,22.5,,,3.0,,540.0,28.5,18.0,0.0,10.0,7.65,70.71,2339,2072,267,95.6,1.35,7,27.5,5.0
sim-003,press-militar-barra,35,3,M,28.3,172.0,15.252073732718895,fat_loss,hombro,empuje_vertical,barra,True,2.5,27.5,2,0.0,0.0,3,3,165.0,29.333333333333332,22.5,22.5,,1.0,3.0,540.0,28.5,10.0,22.22,7.0,7.17,71.44,2180,2072,108,83.6,1.17,7,27.5,0.0
sim-003,press-militar-barra,42,4,M,28.3,172.0,15.482488479262672,fat_loss,hombro,empuje_vertical,barra,True,2.5,27.5,2,1.0,1.0,3,3,165.0,29.333333333333332,27.5,22.5,22.5,0.0,1.0,165.0,29.333333333333332,7.0,0.0,9.0,6.83,71.7,2211,2072,139,89.9,1.25,7,25.0,-2.5
sim-003,press-militar-barra,51,5,M,28.3,172.0,15.712903225806452,fat_loss,hombro,empuje_vertical,barra,True,2.5,25.0,6,0.0,0.0,3,3,450.0,30.0,27.5,27.5,22.5,1.0,0.0,165.0,29.333333333333332,9.0,-9.09,9.0,6.72,71.91,2120,2072,48,106.4,1.48,7,25.0,0.0
sim-003,press-militar-barra,60,6,M,28.3,172.0,15.94331797235023,fat_loss,hombro,empuje_vertical,barra,True,2.5,25.0,6,0.0,0.0,3,3,450.0,30.0,25.0,27.5,27.5,0.0,1.0,450.0,30.0,9.0,0.0,5.0,6.4,72.07,2185,2072,113,124.7,1.73,7,22.5,-2.5
sim-003,press-militar-barra,65,7,M,28.3,172.0,16.17373271889401,fat_loss,hombro,empuje_vertical,barra,True,2.5,22.5,8,1.0,1.0,3,3,540.0,28.5,25.0,25.0,27.5,0.0,0.0,450.0,30.0,5.0,-10.0,,7.34,72.24,2062,2072,-10,136.7,1.89,7,,
sim-003,sentadilla-hack,2,1,M,28.3,172.0,14.1,fat_loss,cuadriceps,sentadilla,maquina,True,5.0,70.0,8,1.0,1.0,3,3,1680.0,88.66666666666666,,,,,,,,,,33.0,6.64,70.13,2298,2072,226,109.8,1.57,7,70.0,0.0
sim-003,sentadilla-hack,35,2,M,28.3,172.0,15.252073732718895,fat_loss,cuadriceps,sentadilla,maquina,True,5.0,70.0,8,1.0,1.0,3,3,1680.0,88.66666666666666,70.0,,,1.0,,1680.0,88.66666666666666,33.0,0.0,9.0,7.17,71.44,2180,2072,108,83.6,1.17,7,70.0,0.0
sim-003,sentadilla-hack,44,3,M,28.3,172.0,15.482488479262672,fat_loss,cuadriceps,sentadilla,maquina,True,5.0,70.0,8,0.0,0.0,3,3,1680.0,88.66666666666666,70.0,70.0,,1.0,1.0,1680.0,88.66666666666666,9.0,0.0,9.0,6.83,71.7,2211,2072,139,89.9,1.25,7,70.0,0.0
sim-003,sentadilla-hack,53,4,M,28.3,172.0,15.712903225806452,fat_loss,cuadriceps,sentadilla,maquina,True,5.0,70.0,8,0.0,0.0,3,3,1680.0,88.66666666666666,70.0,70.0,70.0,0.0,1.0,1680.0,88.66666666666666,9.0,0.0,7.0,6.72,71.91,2120,2072,48,106.4,1.48,7,65.0,-5.0
sim-003,sentadilla-hack,60,5,M,28.3,172.0,15.94331797235023,fat_loss,cuadriceps,sentadilla,maquina,True,5.0,65.0,8,3.0,3.0,3,3,1560.0,82.33333333333333,70.0,70.0,70.0,0.0,0.0,1680.0,88.66666666666666,7.0,-7.14,5.0,6.4,72.07,2185,2072,113,124.7,1.73,7,65.0,0.0
sim-003,sentadilla-hack,65,6,M,28.3,172.0,16.17373271889401,fat_loss,cuadriceps,sentadilla,maquina,True,5.0,65.0,8,3.0,3.0,3,3,1560.0,82.33333333333333,65.0,70.0,70.0,3.0,0.0,1560.0,82.33333333333333,5.0,0.0,2.0,7.34,72.24,2062,2072,-10,136.7,1.89,7,65.0,0.0
sim-003,sentadilla-hack,67,7,M,28.3,172.0,16.17373271889401,fat_loss,cuadriceps,sentadilla,maquina,True,5.0,65.0,8,3.0,3.0,3,3,1560.0,82.33333333333333,65.0,65.0,70.0,3.0,3.0,1560.0,82.33333333333333,2.0,0.0,3.0,7.34,72.24,2062,2072,-10,136.7,1.89,7,65.0,0.0
sim-003,sentadilla-hack,70,8,M,28.3,172.0,16.404147465437788,fat_loss,cuadriceps,sentadilla,maquina,True,5.0,65.0,8,4.0,4.0,3,3,1560.0,82.33333333333333,65.0,65.0,65.0,3.0,3.0,1560.0,82.33333333333333,3.0,0.0,9.0,6.71,72.66,2239,2072,167,109.0,1.5,7,70.0,5.0
sim-003,sentadilla-hack,79,9,M,28.3,172.0,16.634562211981567,fat_loss,cuadriceps,sentadilla,maquina,True,5.0,70.0,8,1.0,1.0,3,3,1680.0,88.66666666666666,65.0,65.0,65.0,4.0,3.0,1560.0,82.33333333333333,9.0,7.69,,7.83,72.46,2148,2072,76,108.9,1.5,7,,
sim-003,curl-biceps-barra,0,1,M,28.3,172.0,14.1,fat_loss,biceps,aislamiento,barra,False,2.5,20.0,11,0.0,0.0,3,3,660.0,27.333333333333336,,,,,,,,,,7.0,6.64,70.13,2298,2072,226,109.8,1.57,7,20.0,0.0
sim-003,curl-biceps-barra,7,2,M,28.3,172.0,14.330414746543779,fat_loss,biceps,aislamiento,barra,False,2.5,20.0,11,0.0,0.0,3,3,660.0,27.333333333333336,20.0,,,0.0,,660.0,27.333333333333336,7.0,0.0,4.0,6.27,70.24,2255,2072,183,106.9,1.52,7,17.5,-2.5
sim-003,curl-biceps-barra,11,3,M,28.3,172.0,14.330414746543779,fat_loss,biceps,aislamiento,barra,False,2.5,17.5,12,2.0,2.0,3,3,630.0,24.5,20.0,20.0,,0.0,0.0,660.0,27.333333333333336,4.0,-12.5,7.0,6.27,70.24,2255,2072,183,106.9,1.52,7,20.0,2.5
sim-003,curl-biceps-barra,18,4,M,28.3,172.0,14.560829493087557,fat_loss,biceps,aislamiento,barra,False,2.5,20.0,11,0.0,0.0,3,3,660.0,27.333333333333336,17.5,20.0,20.0,2.0,0.0,630.0,24.5,7.0,14.29,7.0,7.47,70.56,2345,2072,273,106.6,1.51,7,20.0,0.0
sim-003,curl-biceps-barra,25,5,M,28.3,172.0,14.791244239631336,fat_loss,biceps,aislamiento,barra,False,2.5,20.0,11,0.0,0.0,3,3,660.0,27.333333333333336,20.0,17.5,20.0,0.0,2.0,660.0,27.333333333333336,7.0,0.0,7.0,7.65,70.71,2339,2072,267,95.6,1.35,7,17.5,-2.5
sim-003,curl-biceps-barra,32,6,M,28.3,172.0,15.021658986175115,fat_loss,biceps,aislamiento,barra,False,2.5,17.5,12,4.0,4.0,3,3,630.0,24.5,20.0,20.0,17.5,0.0,0.0,660.0,27.333333333333336,7.0,-12.5,3.0,6.79,71.21,2384,2072,312,112.3,1.58,7,22.5,5.0
sim-003,curl-biceps-barra,35,7,M,28.3,172.0,15.252073732718895,fat_loss,biceps,aislamiento,barra,False,2.5,22.5,6,0.0,0.0,3,3,405.0,27.0,17.5,20.0,20.0,4.0,0.0,630.0,24.5,3.0,28.57,4.0,7.17,71.44,2180,2072,108,83.6,1.17,7,22.5,0.0
sim-003,curl-biceps-barra,39,8,M,28.3,172.0,15.252073732718895,fat_loss,biceps,aislamiento,barra,False,2.5,22.5,6,0.0,0.0,3,3,405.0,27.0,22.5,17.5,20.0,0.0,4.0,405.0,27.0,4.0,0.0,5.0,7.17,71.44,2180,2072,108,83.6,1.17,7,20.0,-2.5
sim-003,curl-biceps-barra,44,9,M,28.3,172.0,15.482488479262672,fat_loss,biceps,aislamiento,barra,False,2.5,20.0,11,0.0,0.0,3,3,660.0,27.333333333333336,22.5,22.5,17.5,0.0,0.0,405.0,27.0,5.0,-11.11,2.0,6.83,71.7,2211,2072,139,89.9,1.25,7,20.0,0.0
sim-003,curl-biceps-barra,46,10,M,28.3,172.0,15.482488479262672,fat_loss,biceps,aislamiento,barra,False,2.5,20.0,11,0.0,0.0,3,3,660.0,27.333333333333336,20.0,22.5,22.5,0.0,0.0,660.0,27.333333333333336,2.0,0.0,7.0,6.83,71.7,2211,2072,139,89.9,1.25,7,17.5,-2.5
sim-003,curl-biceps-barra,53,11,M,28.3,172.0,15.712903225806452,fat_loss,biceps,aislamiento,barra,False,2.5,17.5,12,5.0,5.0,3,3,630.0,24.5,20.0,20.0,22.5,0.0,0.0,660.0,27.333333333333336,7.0,-12.5,3.0,6.72,71.91,2120,2072,48,106.4,1.48,7,22.5,5.0
sim-003,curl-biceps-barra,56,12,M,28.3,172.0,15.94331797235023,fat_loss,biceps,aislamiento,barra,False,2.5,22.5,6,0.0,0.0,3,3,405.0,27.0,17.5,20.0,20.0,5.0,0.0,630.0,24.5,3.0,28.57,7.0,6.4,72.07,2185,2072,113,124.7,1.73,7,22.5,0.0
sim-003,curl-biceps-barra,63,13,M,28.3,172.0,16.17373271889401,fat_loss,biceps,aislamiento,barra,False,2.5,22.5,7,0.0,0.0,3,3,472.5,27.75,22.5,17.5,20.0,0.0,5.0,405.0,27.0,7.0,0.0,7.0,7.34,72.24,2062,2072,-10,136.7,1.89,7,20.0,-2.5
sim-003,curl-biceps-barra,70,14,M,28.3,172.0,16.404147465437788,fat_loss,biceps,aislamiento,barra,False,2.5,20.0,12,0.0,0.0,3,3,720.0,28.0,22.5,22.5,17.5,0.0,0.0,472.5,27.75,7.0,-11.11,,6.71,72.66,2239,2072,167,109.0,1.5,7,,
sim-003,extension-cuadriceps,0,1,M,28.3,172.0,14.1,fat_loss,cuadriceps,aislamiento,maquina,False,5.0,25.0,12,3.0,3.0,3,3,900.0,35.0,,,,,,,,,,11.0,6.64,70.13,2298,2072,226,109.8,1.57,7,30.0,5.0
sim-003,extension-cuadriceps,11,2,M,28.3,172.0,14.330414746543779,fat_loss,cuadriceps,aislamiento,maquina,False,5.0,30.0,8,0.0,0.0,3,3,720.0,38.0,25.0,,,3.0,,900.0,35.0,11.0,20.0,7.0,6.27,70.24,2255,2072,183,106.9,1.52,7,30.0,0.0
sim-003,extension-cuadriceps,18,3,M,28.3,172.0,14.560829493087557,fat_loss,cuadriceps,aislamiento,maquina,False,5.0,30.0,8,0.0,0.0,3,3,720.0,38.0,30.0,25.0,,0.0,3.0,720.0,38.0,7.0,0.0,3.0,7.47,70.56,2345,2072,273,106.6,1.51,7,25.0,-5.0
sim-003,extension-cuadriceps,21,4,M,28.3,172.0,14.791244239631336,fat_loss,cuadriceps,aislamiento,maquina,False,5.0,25.0,12,2.0,2.0,3,3,900.0,35.0,30.0,30.0,25.0,0.0,0.0,720.0,38.0,3.0,-16.67,4.0,7.65,70.71,2339,2072,267,95.6,1.35,7,25.0,0.0
sim-003,extension-cuadriceps,25,5,M,28.3,172.0,14.791244239631336,fat_loss,cuadriceps,aislamiento,maquina,False,5.0,25.0,12,3.0,3.0,3,3,900.0,35.0,25.0,30.0,30.0,2.0,0.0,900.0,35.0,4.0,0.0,5.0,7.65,70.71,2339,2072,267,95.6,1.35,7,30.0,5.0
sim-003,extension-cuadriceps,30,6,M,28.3,172.0,15.021658986175115,fat_loss,cuadriceps,aislamiento,maquina,False,5.0,30.0,7,0.0,0.0,3,3,630.0,37.0,25.0,25.0,30.0,3.0,2.0,900.0,35.0,5.0,20.0,9.0,6.79,71.21,2384,2072,312,112.3,1.58,7,30.0,0.0
sim-003,extension-cuadriceps,39,7,M,28.3,172.0,15.252073732718895,fat_loss,cuadriceps,aislamiento,maquina,False,5.0,30.0,8,0.0,0.0,3,3,720.0,38.0,30.0,25.0,25.0,0.0,3.0,630.0,37.0,9.0,0.0,5.0,7.17,71.44,2180,2072,108,83.6,1.17,7,25.0,-5.0
sim-003,extension-cuadriceps,44,8,M,28.3,172.0,15.482488479262672,fat_loss,cuadriceps,aislamiento,maquina,False,5.0,25.0,12,4.0,4.0,3,3,900.0,35.0,30.0,30.0,25.0,0.0,0.0,720.0,38.0,5.0,-16.67,2.0,6.83,71.7,2211,2072,139,89.9,1.25,7,30.0,5.0
sim-003,extension-cuadriceps,46,9,M,28.3,172.0,15.482488479262672,fat_loss,cuadriceps,aislamiento,maquina,False,5.0,30.0,8,1.0,1.0,3,3,720.0,38.0,25.0,30.0,30.0,4.0,0.0,900.0,35.0,2.0,20.0,5.0,6.83,71.7,2211,2072,139,89.9,1.25,7,30.0,0.0
sim-003,extension-cuadriceps,51,10,M,28.3,172.0,15.712903225806452,fat_loss,cuadriceps,aislamiento,maquina,False,5.0,30.0,8,0.0,0.0,3,3,720.0,38.0,30.0,25.0,30.0,1.0,4.0,720.0,38.0,5.0,0.0,5.0,6.72,71.91,2120,2072,48,106.4,1.48,7,25.0,-5.0
sim-003,extension-cuadriceps,56,11,M,28.3,172.0,15.94331797235023,fat_loss,cuadriceps,aislamiento,maquina,False,5.0,25.0,12,4.0,4.0,3,3,900.0,35.0,30.0,30.0,25.0,0.0,1.0,720.0,38.0,5.0,-16.67,9.0,6.4,72.07,2185,2072,113,124.7,1.73,7,35.0,10.0
sim-003,extension-cuadriceps,65,12,M,28.3,172.0,16.17373271889401,fat_loss,cuadriceps,aislamiento,maquina,False,5.0,35.0,3,0.0,0.0,3,3,315.0,38.5,25.0,30.0,30.0,4.0,0.0,900.0,35.0,9.0,40.0,2.0,7.34,72.24,2062,2072,-10,136.7,1.89,7,35.0,0.0
sim-003,extension-cuadriceps,67,13,M,28.3,172.0,16.17373271889401,fat_loss,cuadriceps,aislamiento,maquina,False,5.0,35.0,3,1.0,1.0,3,3,315.0,38.5,35.0,25.0,30.0,0.0,4.0,315.0,38.5,2.0,0.0,5.0,7.34,72.24,2062,2072,-10,136.7,1.89,7,30.0,-5.0
sim-003,extension-cuadriceps,72,14,M,28.3,172.0,16.404147465437788,fat_loss,cuadriceps,aislamiento,maquina,False,5.0,30.0,9,1.0,1.0,3,3,810.0,39.0,35.0,35.0,25.0,1.0,0.0,315.0,38.5,5.0,-14.29,5.0,6.71,72.66,2239,2072,167,109.0,1.5,7,30.0,0.0
sim-003,extension-cuadriceps,77,15,M,28.3,172.0,16.634562211981567,fat_loss,cuadriceps,aislamiento,maquina,False,5.0,30.0,9,0.0,0.0,3,3,810.0,39.0,30.0,35.0,35.0,1.0,1.0,810.0,39.0,5.0,0.0,,7.83,72.46,2148,2072,76,108.9,1.5,7,,
sim-004,press-militar-barra,0,1,M,32.6,174.3,23.7,fat_loss,hombro,empuje_vertical,barra,True,2.5,32.5,8,1.0,1.0,3,3,780.0,41.166666666666664,,,,,,,,,,14.0,6.41,75.56,1854,1813,41,82.8,1.1,7,35.0,2.5
sim-004,press-militar-barra,14,2,M,32.6,174.3,24.160829493087558,fat_loss,hombro,empuje_vertical,barra,True,2.5,35.0,7,0.0,0.0,3,3,735.0,43.16666666666667,32.5,,,1.0,,780.0,41.166666666666664,14.0,7.69,2.0,6.01,75.56,1588,1813,-225,95.9,1.27,7,35.0,0.0
sim-004,press-militar-barra,16,3,M,32.6,174.3,24.160829493087558,fat_loss,hombro,empuje_vertical,barra,True,2.5,35.0,6,2.0,2.0,3,3,630.0,42.0,35.0,32.5,,0.0,1.0,735.0,43.16666666666667,2.0,0.0,16.0,6.01,75.56,1588,1813,-225,95.9,1.27,7,32.5,-2.5
sim-004,press-militar-barra,32,4,M,32.6,174.3,24.621658986175113,fat_loss,hombro,empuje_vertical,barra,True,2.5,32.5,8,1.0,1.0,3,3,780.0,41.166666666666664,35.0,35.0,32.5,2.0,0.0,630.0,42.0,16.0,-7.14,5.0,5.46,76.16,2037,1813,224,83.5,1.1,7,32.5,0.0
sim-004,press-militar-barra,37,5,M,32.6,174.3,24.852073732718893,fat_loss,hombro,empuje_vertical,barra,True,2.5,32.5,8,0.0,0.0,3,3,780.0,41.166666666666664,32.5,35.0,35.0,1.0,2.0,780.0,41.166666666666664,5.0,0.0,7.0,4.79,75.93,1840,1813,27,90.9,1.2,7,32.5,0.0
sim-004,press-militar-barra,44,6,M,32.6,174.3,25.082488479262672,fat_loss,hombro,empuje_vertical,barra,True,2.5,32.5,8,1.0,1.0,3,3,780.0,41.166666666666664,32.5,32.5,35.0,0.0,1.0,780.0,41.166666666666664,7.0,0.0,9.0,5.26,75.88,1739,1813,-74,85.8,1.13,7,35.0,2.5
sim-004,press-militar-barra,53,7,M,32.6,174.3,25.31290322580645,fat_loss,hombro,empuje_vertical,barra,True,2.5,35.0,7,0.0,0.0,3,3,735.0,43.16666666666667,32.5,32.5,32.5,1.0,0.0,780.0,41.166666666666664,9.0,7.69,12.0,5.04,76.02,1949,1813,136,124.2,1.63,7,35.0,0.0
sim-004,press-militar-barra,65,8,M,32.6,174.3,25.77373271889401,fat_loss,hombro,empuje_vertical,barra,True,2.5,35.0,7,0.0,0.0,3,3,735.0,43.16666666666667,35.0,32.5,32.5,0.0,1.0,735.0,43.16666666666667,12.0,0.0,5.0,6.05,75.76,1453,1813,-360,106.3,1.4,7,32.5,-2.5
sim-004,press-militar-barra,70,9,M,32.6,174.3,26.00414746543779,fat_loss,hombro,empuje_vertical,barra,True,2.5,32.5,8,1.0,1.0,3,3,780.0,41.166666666666664,35.0,35.0,32.5,0.0,0.0,735.0,43.16666666666667,5.0,-7.14,4.0,5.61,75.71,1813,1813,0,89.1,1.18,7,32.5,0.0
sim-004,press-militar-barra,74,10,M,32.6,174.3,26.00414746543779,fat_loss,hombro,empuje_vertical,barra,True,2.5,32.5,8,2.0,2.0,3,3,780.0,41.166666666666664,32.5,35.0,35.0,1.0,0.0,780.0,41.166666666666664,4.0,0.0,5.0,5.61,75.71,1813,1813,0,89.1,1.18,7,35.0,2.5
sim-004,press-militar-barra,79,11,M,32.6,174.3,26.234562211981565,fat_loss,hombro,empuje_vertical,barra,True,2.5,35.0,6,1.0,1.0,3,3,630.0,42.0,32.5,32.5,35.0,2.0,1.0,780.0,41.166666666666664,5.0,7.69,,4.6,75.62,1667,1813,-146,98.0,1.3,7,,
sim-004,sentadilla-hack,2,1,M,32.6,174.3,23.7,fat_loss,cuadriceps,sentadilla,maquina,True,5.0,80.0,8,3.0,3.0,3,3,1920.0,101.33333333333333,,,,,,,,,,2.0,6.41,75.56,1854,1813,41,82.8,1.1,7,85.0,5.0
sim-004,sentadilla-hack,4,2,M,32.6,174.3,23.7,fat_loss,cuadriceps,sentadilla,maquina,True,5.0,85.0,8,0.0,0.0,3,3,2040.0,107.66666666666666,80.0,,,3.0,,1920.0,101.33333333333333,2.0,6.25,10.0,6.41,75.56,1854,1813,41,82.8,1.1,7,85.0,0.0
sim-004,sentadilla-hack,14,3,M,32.6,174.3,24.160829493087558,fat_loss,cuadriceps,sentadilla,maquina,True,5.0,85.0,8,0.0,0.0,3,3,2040.0,107.66666666666666,85.0,80.0,,0.0,3.0,2040.0,107.66666666666666,10.0,0.0,7.0,6.01,75.56,1588,1813,-225,95.9,1.27,7,80.0,-5.0
sim-004,sentadilla-hack,21,4,M,32.6,174.3,24.391244239631337,fat_loss,cuadriceps,sentadilla,maquina,True,5.0,80.0,8,3.0,3.0,3,3,1920.0,101.33333333333333,85.0,85.0,80.0,0.0,0.0,2040.0,107.66666666666666,7.0,-5.88,14.0,5.13,75.63,1867,1813,54,81.9,1.08,7,80.0,0.0
sim-004,sentadilla-hack,35,5,M,32.6,174.3,24.852073732718893,fat_loss,cuadriceps,sentadilla,maquina,True,5.0,80.0,8,3.0,3.0,3,3,1920.0,101.33333333333333,80.0,85.0,85.0,3.0,0.0,1920.0,101.33333333333333,14.0,0.0,9.0,4.79,75.93,1840,1813,27,90.9,1.2,7,80.0,0.0
sim-004,sentadilla-hack,44,6,M,32.6,174.3,25.082488479262672,fat_loss,cuadriceps,sentadilla,maquina,True,5.0,80.0,8,2.0,2.0,3,3,1920.0,101.33333333333333,80.0,80.0,85.0,3.0,3.0,1920.0,101.33333333333333,9.0,0.0,2.0,5.26,75.88,1739,1813,-74,85.8,1.13,7,80.0,0.0
sim-004,sentadilla-hack,46,7,M,32.6,174.3,25.082488479262672,fat_loss,cuadriceps,sentadilla,maquina,True,5.0,80.0,8,2.0,2.0,3,3,1920.0,101.33333333333333,80.0,80.0,80.0,2.0,3.0,1920.0,101.33333333333333,2.0,0.0,10.0,5.26,75.88,1739,1813,-74,85.8,1.13,7,85.0,5.0
sim-004,sentadilla-hack,56,8,M,32.6,174.3,25.54331797235023,fat_loss,cuadriceps,sentadilla,maquina,True,5.0,85.0,8,0.0,0.0,3,3,2040.0,107.66666666666666,80.0,80.0,80.0,2.0,2.0,1920.0,101.33333333333333,10.0,6.25,2.0,4.76,75.97,1766,1813,-47,109.4,1.44,7,85.0,0.0
sim-004,sentadilla-hack,58,9,M,32.6,174.3,25.54331797235023,fat_loss,cuadriceps,sentadilla,maquina,True,5.0,85.0,8,1.0,1.0,3,3,2040.0,107.66666666666666,85.0,80.0,80.0,0.0,2.0,2040.0,107.66666666666666,2.0,0.0,2.0,4.76,75.97,1766,1813,-47,109.4,1.44,7,85.0,0.0
sim-004,sentadilla-hack,60,10,M,32.6,174.3,25.54331797235023,fat_loss,cuadriceps,sentadilla,maquina,True,5.0,85.0,7,0.0,0.0,3,3,1785.0,104.83333333333334,85.0,85.0,80.0,1.0,0.0,2040.0,107.66666666666666,2.0,0.0,3.0,4.76,75.97,1766,1813,-47,109.4,1.44,7,85.0,0.0
sim-004,sentadilla-hack,63,11,M,32.6,174.3,25.77373271889401,fat_loss,cuadriceps,sentadilla,maquina,True,5.0,85.0,7,1.0,1.0,3,3,1785.0,104.83333333333334,85.0,85.0,85.0,0.0,1.0,1785.0,104.83333333333334,3.0,0.0,,6.05,75.76,1453,1813,-360,106.3,1.4,7,,
sim-004,extension-cuadriceps,7,1,M,32.6,174.3,23.93041474654378,fat_loss,cuadriceps,aislamiento,maquina,False,5.0,30.0,12,0.0,0.0,3,3,1080.0,42.0,,,,,,,,,,2.0,5.51,75.53,1822,1813,9,77.5,1.03,7,30.0,0.0
sim-004,extension-cuadriceps,9,2,M,32.6,174.3,23.93041474654378,fat_loss,cuadriceps,aislamiento,maquina,False,5.0,30.0,11,0.0,0.0,3,3,990.0,41.0,30.0,,,0.0,,1080.0,42.0,2.0,0.0,5.0,5.51,75.53,1822,1813,9,77.5,1.03,7,30.0,0.0
sim-004,extension-cuadriceps,14,3,M,32.6,174.3,24.160829493087558,fat_loss,cuadriceps,aislamiento,maquina,False,5.0,30.0,11,0.0,0.0,3,3,990.0,41.0,30.0,30.0,,0.0,0.0,990.0,41.0,5.0,0.0,4.0,6.01,75.56,1588,1813,-225,95.9,1.27,7,25.0,-5.0
sim-004,extension-cuadriceps,18,4,M,32.6,174.3,24.160829493087558,fat_loss,cuadriceps,aislamiento,maquina,False,5.0,25.0,12,6.0,6.0,3,3,900.0,35.0,30.0,30.0,30.0,0.0,0.0,990.0,41.0,4.0,-16.67,12.0,6.01,75.56,1588,1813,-225,95.9,1.27,7,30.0,5.0
sim-004,extension-cuadriceps,30,5,M,32.6,174.3,24.621658986175113,fat_loss,cuadriceps,aislamiento,maquina,False,5.0,30.0,12,0.0,0.0,3,3,1080.0,42.0,25.0,30.0,30.0,6.0,0.0,900.0,35.0,12.0,20.0,7.0,5.46,76.16,2037,1813,224,83.5,1.1,7,35.0,5.0
sim-004,extension-cuadriceps,37,6,M,32.6,174.3,24.852073732718893,fat_loss,cuadriceps,aislamiento,maquina,False,5.0,35.0,6,0.0,0.0,3,3,630.0,42.0,30.0,25.0,30.0,0.0,6.0,1080.0,42.0,7.0,16.67,5.0,4.79,75.93,1840,1813,27,90.9,1.2,7,35.0,0.0
sim-004,extension-cuadriceps,42,7,M,32.6,174.3,25.082488479262672,fat_loss,cuadriceps,aislamiento,maquina,False,5.0,35.0,6,0.0,0.0,3,3,630.0,42.0,35.0,30.0,25.0,0.0,0.0,630.0,42.0,5.0,0.0,2.0,5.26,75.88,1739,1813,-74,85.8,1.13,7,30.0,-5.0
sim-004,extension-cuadriceps,44,8,M,32.6,174.3,25.082488479262672,fat_loss,cuadriceps,aislamiento,maquina,False,5.0,30.0,11,0.0,0.0,3,3,990.0,41.0,35.0,35.0,30.0,0.0,0.0,630.0,42.0,2.0,-14.29,7.0,5.26,75.88,1739,1813,-74,85.8,1.13,7,30.0,0.0
sim-004,extension-cuadriceps,51,9,M,32.6,174.3,25.31290322580645,fat_loss,cuadriceps,aislamiento,maquina,False,5.0,30.0,12,0.0,0.0,3,3,1080.0,42.0,30.0,35.0,35.0,0.0,0.0,990.0,41.0,7.0,0.0,9.0,5.04,76.02,1949,1813,136,124.2,1.63,7,30.0,0.0
sim-004,extension-cuadriceps,60,10,M,32.6,174.3,25.54331797235023,fat_loss,cuadriceps,aislamiento,maquina,False,5.0,30.0,12,0.0,0.0,3,3,1080.0,42.0,30.0,30.0,35.0,0.0,0.0,1080.0,42.0,9.0,0.0,3.0,4.76,75.97,1766,1813,-47,109.4,1.44,7,30.0,0.0
sim-004,extension-cuadriceps,63,11,M,32.6,174.3,25.77373271889401,fat_loss,cuadriceps,aislamiento,maquina,False,5.0,30.0,11,0.0,0.0,3,3,990.0,41.0,30.0,30.0,30.0,0.0,0.0,1080.0,42.0,3.0,0.0,2.0,6.05,75.76,1453,1813,-360,106.3,1.4,7,30.0,0.0
sim-004,extension-cuadriceps,65,12,M,32.6,174.3,25.77373271889401,fat_loss,cuadriceps,aislamiento,maquina,False,5.0,30.0,11,0.0,0.0,3,3,990.0,41.0,30.0,30.0,30.0,0.0,0.0,990.0,41.0,2.0,0.0,2.0,6.05,75.76,1453,1813,-360,106.3,1.4,7,25.0,-5.0
sim-004,extension-cuadriceps,67,13,M,32.6,174.3,25.77373271889401,fat_loss,cuadriceps,aislamiento,maquina,False,5.0,25.0,12,6.0,6.0,3,3,900.0,35.0,30.0,30.0,30.0,0.0,0.0,990.0,41.0,2.0,-16.67,,6.05,75.76,1453,1813,-360,106.3,1.4,7,,
sim-004,jalon-al-pecho,11,1,M,32.6,174.3,23.93041474654378,fat_loss,espalda,jale_vertical,polea,True,2.5,25.0,8,3.0,3.0,3,3,600.0,31.666666666666664,,,,,,,,,,14.0,5.51,75.53,1822,1813,9,77.5,1.03,7,25.0,0.0
sim-004,jalon-al-pecho,25,2,M,32.6,174.3,24.391244239631337,fat_loss,espalda,jale_vertical,polea,True,2.5,25.0,8,2.0,2.0,3,3,600.0,31.666666666666664,25.0,,,3.0,,600.0,31.666666666666664,14.0,0.0,5.0,5.13,75.63,1867,1813,54,81.9,1.08,7,25.0,0.0
sim-004,jalon-al-pecho,30,3,M,32.6,174.3,24.621658986175113,fat_loss,espalda,jale_vertical,polea,True,2.5,25.0,8,2.0,2.0,3,3,600.0,31.666666666666664,25.0,25.0,,2.0,3.0,600.0,31.666666666666664,5.0,0.0,9.0,5.46,76.16,2037,1813,224,83.5,1.1,7,27.5,2.5
sim-004,jalon-al-pecho,39,4,M,32.6,174.3,24.852073732718893,fat_loss,espalda,jale_vertical,polea,True,2.5,27.5,7,1.0,1.0,3,3,577.5,33.91666666666667,25.0,25.0,25.0,2.0,2.0,600.0,31.666666666666664,9.0,10.0,10.0,4.79,75.93,1840,1813,27,90.9,1.2,7,27.5,0.0
sim-004,jalon-al-pecho,49,5,M,32.6,174.3,25.31290322580645,fat_loss,espalda,jale_vertical,polea,True,2.5,27.5,7,0.0,0.0,3,3,577.5,33.91666666666667,27.5,25.0,25.0,1.0,2.0,577.5,33.91666666666667,10.0,0.0,2.0,5.04,76.02,1949,1813,136,124.2,1.63,7,25.0,-2.5
sim-004,jalon-al-pecho,51,6,M,32.6,174.3,25.31290322580645,fat_loss,espalda,jale_vertical,polea,True,2.5,25.0,8,2.0,2.0,3,3,600.0,31.666666666666664,27.5,27.5,25.0,0.0,1.0,577.5,33.91666666666667,2.0,-9.09,5.0,5.04,76.02,1949,1813,136,124.2,1.63,7,25.0,0.0
sim-004,jalon-al-pecho,56,7,M,32.6,174.3,25.54331797235023,fat_loss,espalda,jale_vertical,polea,True,2.5,25.0,8,3.0,3.0,3,3,600.0,31.666666666666664,25.0,27.5,27.5,2.0,0.0,600.0,31.666666666666664,5.0,0.0,18.0,4.76,75.97,1766,1813,-47,109.4,1.44,7,27.5,2.5
sim-004,jalon-al-pecho,74,8,M,32.6,174.3,26.00414746543779,fat_loss,espalda,jale_vertical,polea,True,2.5,27.5,8,0.0,0.0,3,3,660.0,34.83333333333333,25.0,25.0,27.5,3.0,2.0,600.0,31.666666666666664,18.0,10.0,3.0,5.61,75.71,1813,1813,0,89.1,1.18,7,27.5,0.0
sim-004,jalon-al-pecho,77,9,M,32.6,174.3,26.234562211981565,fat_loss,espalda,jale_vertical,polea,True,2.5,27.5,7,0.0,0.0,3,3,577.5,33.91666666666667,27.5,25.0,25.0,0.0,3.0,660.0,34.83333333333333,3.0,0.0,,4.6,75.62,1667,1813,-146,98.0,1.3,7,,
sim-004,elevaciones-laterales,4,1,M,32.6,174.3,23.7,fat_loss,hombro,aislamiento,mancuerna,False,2.0,6.0,12,6.0,6.0,3,3,216.0,8.399999999999999,,,,,,,,,,7.0,6.41,75.56,1854,1813,41,82.8,1.1,7,10.0,4.0
sim-004,elevaciones-laterales,11,2,M,32.6,174.3,23.93041474654378,fat_loss,hombro,aislamiento,mancuerna,False,2.0,10.0,1,0.0,0.0,3,3,30.0,10.333333333333334,6.0,,,6.0,,216.0,8.399999999999999,7.0,66.67,10.0,5.51,75.53,1822,1813,9,77.5,1.03,7,10.0,0.0
sim-004,elevaciones-laterales,21,3,M,32.6,174.3,24.391244239631337,fat_loss,hombro,aislamiento,mancuerna,False,2.0,10.0,1,0.0,0.0,3,3,30.0,10.333333333333334,10.0,6.0,,0.0,6.0,30.0,10.333333333333334,10.0,0.0,2.0,5.13,75.63,1867,1813,54,81.9,1.08,7,8.0,-2.0
sim-004,elevaciones-laterales,23,4,M,32.6,174.3,24.391244239631337,fat_loss,hombro,aislamiento,mancuerna,False,2.0,8.0,8,0.0,0.0,3,3,192.0,10.133333333333333,10.0,10.0,6.0,0.0,0.0,30.0,10.333333333333334,2.0,-20.0,9.0,5.13,75.63,1867,1813,54,81.9,1.08,7,8.0,0.0
sim-004,elevaciones-laterales,32,5,M,32.6,174.3,24.621658986175113,fat_loss,hombro,aislamiento,mancuerna,False,2.0,8.0,8,0.0,0.0,3,3,192.0,10.133333333333333,8.0,10.0,10.0,0.0,0.0,192.0,10.133333333333333,9.0,0.0,3.0,5.46,76.16,2037,1813,224,83.5,1.1,7,6.0,-2.0
sim-004,elevaciones-laterales,35,6,M,32.6,174.3,24.852073732718893,fat_loss,hombro,aislamiento,mancuerna,False,2.0,6.0,12,6.0,6.0,3,3,216.0,8.399999999999999,8.0,8.0,10.0,0.0,0.0,192.0,10.133333333333333,3.0,-25.0,11.0,4.79,75.93,1840,1813,27,90.9,1.2,7,10.0,4.0
sim-004,elevaciones-laterales,46,7,M,32.6,174.3,25.082488479262672,fat_loss,hombro,aislamiento,mancuerna,False,2.0,10.0,1,1.0,1.0,3,3,30.0,10.333333333333334,6.0,8.0,8.0,6.0,0.0,216.0,8.399999999999999,11.0,66.67,3.0,5.26,75.88,1739,1813,-74,85.8,1.13,7,10.0,0.0
sim-004,elevaciones-laterales,49,8,M,32.6,174.3,25.31290322580645,fat_loss,hombro,aislamiento,mancuerna,False,2.0,10.0,1,0.0,0.0,3,3,30.0,10.333333333333334,10.0,6.0,8.0,1.0,6.0,30.0,10.333333333333334,3.0,0.0,4.0,5.04,76.02,1949,1813,136,124.2,1.63,7,8.0,-2.0
sim-004,elevaciones-laterales,53,9,M,32.6,174.3,25.31290322580645,fat_loss,hombro,aislamiento,mancuerna,False,2.0,8.0,8,1.0,1.0,3,3,192.0,10.133333333333333,10.0,10.0,6.0,0.0,1.0,30.0,10.333333333333334,4.0,-20.0,3.0,5.04,76.02,1949,1813,136,124.2,1.63,7,8.0,0.0
sim-004,elevaciones-laterales,56,10,M,32.6,174.3,25.54331797235023,fat_loss,hombro,aislamiento,mancuerna,False,2.0,8.0,8,0.0,0.0,3,3,192.0,10.133333333333333,8.0,10.0,10.0,1.0,0.0,192.0,10.133333333333333,3.0,0.0,11.0,4.76,75.97,1766,1813,-47,109.4,1.44,7,6.0,-2.0
sim-004,elevaciones-laterales,67,11,M,32.6,174.3,25.77373271889401,fat_loss,hombro,aislamiento,mancuerna,False,2.0,6.0,12,6.0,6.0,3,3,216.0,8.399999999999999,8.0,8.0,10.0,0.0,1.0,192.0,10.133333333333333,11.0,-25.0,5.0,6.05,75.76,1453,1813,-360,106.3,1.4,7,8.0,2.0
sim-004,elevaciones-laterales,72,12,M,32.6,174.3,26.00414746543779,fat_loss,hombro,aislamiento,mancuerna,False,2.0,8.0,8,0.0,0.0,3,3,192.0,10.133333333333333,6.0,8.0,8.0,6.0,0.0,216.0,8.399999999999999,5.0,33.33,,5.61,75.71,1813,1813,0,89.1,1.18,7,,
sim-004,press-banca-inclinado,0,1,M,32.6,174.3,23.7,fat_loss,pecho,empuje_horizontal,barra,True,2.5,45.0,8,2.0,2.0,3,3,1080.0,57.0,,,,,,,,,,2.0,6.41,75.56,1854,1813,41,82.8,1.1,7,45.0,0.0
sim-004,press-banca-inclinado,2,2,M,32.6,174.3,23.7,fat_loss,pecho,empuje_horizontal,barra,True,2.5,45.0,8,1.0,1.0,3,3,1080.0,57.0,45.0,,,2.0,,1080.0,57.0,2.0,0.0,5.0,6.41,75.56,1854,1813,41,82.8,1.1,7,47.5,2.5
sim-004,press-banca-inclinado,7,3,M,32.6,174.3,23.93041474654378,fat_loss,pecho,empuje_horizontal,barra,True,2.5,47.5,7,0.0,0.0,3,3,997.5,58.583333333333336,45.0,45.0,,1.0,2.0,1080.0,57.0,5.0,5.56,2.0,5.51,75.53,1822,1813,9,77.5,1.03,7,47.5,0.0
sim-004,press-banca-inclinado,9,4,M,32.6,174.3,23.93041474654378,fat_loss,pecho,empuje_horizontal,barra,True,2.5,47.5,7,1.0,1.0,3,3,997.5,58.583333333333336,47.5,45.0,45.0,0.0,1.0,997.5,58.583333333333336,2.0,0.0,9.0,5.51,75.53,1822,1813,9,77.5,1.03,7,45.0,-2.5
sim-004,press-banca-inclinado,18,5,M,32.6,174.3,24.160829493087558,fat_loss,pecho,empuje_horizontal,barra,True,2.5,45.0,8,2.0,2.0,3,3,1080.0,57.0,47.5,47.5,45.0,1.0,0.0,997.5,58.583333333333336,9.0,-5.26,7.0,6.01,75.56,1588,1813,-225,95.9,1.27,7,45.0,0.0
sim-004,press-banca-inclinado,25,6,M,32.6,174.3,24.391244239631337,fat_loss,pecho,empuje_horizontal,barra,True,2.5,45.0,8,2.0,2.0,3,3,1080.0,57.0,45.0,47.5,47.5,2.0,1.0,1080.0,57.0,7.0,0.0,7.0,5.13,75.63,1867,1813,54,81.9,1.08,7,45.0,0.0
sim-004,press-banca-inclinado,32,7,M,32.6,174.3,24.621658986175113,fat_loss,pecho,empuje_horizontal,barra,True,2.5,45.0,8,1.0,1.0,3,3,1080.0,57.0,45.0,45.0,47.5,2.0,2.0,1080.0,57.0,7.0,0.0,7.0,5.46,76.16,2037,1813,224,83.5,1.1,7,47.5,2.5
sim-004,press-banca-inclinado,39,8,M,32.6,174.3,24.852073732718893,fat_loss,pecho,empuje_horizontal,barra,True,2.5,47.5,8,0.0,0.0,3,3,1140.0,60.166666666666664,45.0,45.0,45.0,1.0,2.0,1080.0,57.0,7.0,5.56,14.0,4.79,75.93,1840,1813,27,90.9,1.2,7,47.5,0.0
sim-004,press-banca-inclinado,53,9,M,32.6,174.3,25.31290322580645,fat_loss,pecho,empuje_horizontal,barra,True,2.5,47.5,8,0.0,0.0,3,3,1140.0,60.166666666666664,47.5,45.0,45.0,0.0,1.0,1140.0,60.166666666666664,14.0,0.0,5.0,5.04,76.02,1949,1813,136,124.2,1.63,7,45.0,-2.5
sim-004,press-banca-inclinado,58,10,M,32.6,174.3,25.54331797235023,fat_loss,pecho,empuje_horizontal,barra,True,2.5,45.0,8,2.0,2.0,3,3,1080.0,57.0,47.5,47.5,45.0,0.0,0.0,1140.0,60.166666666666664,5.0,-5.26,16.0,4.76,75.97,1766,1813,-47,109.4,1.44,7,45.0,0.0
sim-004,press-banca-inclinado,74,11,M,32.6,174.3,26.00414746543779,fat_loss,pecho,empuje_horizontal,barra,True,2.5,45.0,8,2.0,2.0,3,3,1080.0,57.0,45.0,47.5,47.5,2.0,0.0,1080.0,57.0,16.0,0.0,3.0,5.61,75.71,1813,1813,0,89.1,1.18,7,45.0,0.0
sim-004,press-banca-inclinado,77,12,M,32.6,174.3,26.234562211981565,fat_loss,pecho,empuje_horizontal,barra,True,2.5,45.0,8,0.0,0.0,3,3,1080.0,57.0,45.0,45.0,47.5,2.0,2.0,1080.0,57.0,3.0,0.0,2.0,4.6,75.62,1667,1813,-146,98.0,1.3,7,47.5,2.5
sim-004,press-banca-inclinado,79,13,M,32.6,174.3,26.234562211981565,fat_loss,pecho,empuje_horizontal,barra,True,2.5,47.5,7,0.0,0.0,3,3,997.5,58.583333333333336,45.0,45.0,45.0,0.0,2.0,1080.0,57.0,2.0,5.56,,4.6,75.62,1667,1813,-146,98.0,1.3,7,,
sim-004,peso-muerto,0,1,M,32.6,174.3,23.7,fat_loss,isquios,bisagra,barra,True,2.5,87.5,8,0.0,0.0,3,3,2100.0,110.83333333333333,,,,,,,,,,2.0,6.41,75.56,1854,1813,41,82.8,1.1,7,87.5,0.0
sim-004,peso-muerto,2,2,M,32.6,174.3,23.7,fat_loss,isquios,bisagra,barra,True,2.5,87.5,8,1.0,1.0,3,3,2100.0,110.83333333333333,87.5,,,0.0,,2100.0,110.83333333333333,2.0,0.0,5.0,6.41,75.56,1854,1813,41,82.8,1.1,7,87.5,0.0
sim-004,peso-muerto,7,3,M,32.6,174.3,23.93041474654378,fat_loss,isquios,bisagra,barra,True,2.5,87.5,8,1.0,1.0,3,3,2100.0,110.83333333333333,87.5,87.5,,1.0,0.0,2100.0,110.83333333333333,5.0,0.0,9.0,5.51,75.53,1822,1813,9,77.5,1.03,7,87.5,0.0
sim-004,peso-muerto,16,4,M,32.6,174.3,24.160829493087558,fat_loss,isquios,bisagra,barra,True,2.5,87.5,8,1.0,1.0,3,3,2100.0,110.83333333333333,87.5,87.5,87.5,1.0,1.0,2100.0,110.83333333333333,9.0,0.0,7.0,6.01,75.56,1588,1813,-225,95.9,1.27,7,90.0,2.5
sim-004,peso-muerto,23,5,M,32.6,174.3,24.391244239631337,fat_loss,isquios,bisagra,barra,True,2.5,90.0,8,1.0,1.0,3,3,2160.0,114.0,87.5,87.5,87.5,1.0,1.0,2100.0,110.83333333333333,7.0,2.86,2.0,5.13,75.63,1867,1813,54,81.9,1.08,7,92.5,2.5
sim-004,peso-muerto,25,6,M,32.6,174.3,24.391244239631337,fat_loss,isquios,bisagra,barra,True,2.5,92.5,7,0.0,0.0,3,3,1942.5,114.08333333333334,90.0,87.5,87.5,1.0,1.0,2160.0,114.0,2.0,2.78,5.0,5.13,75.63,1867,1813,54,81.9,1.08,7,92.5,0.0
sim-004,peso-muerto,30,7,M,32.6,174.3,24.621658986175113,fat_loss,isquios,bisagra,barra,True,2.5,92.5,7,0.0,0.0,3,3,1942.5,114.08333333333334,92.5,90.0,87.5,0.0,1.0,1942.5,114.08333333333334,5.0,0.0,5.0,5.46,76.16,2037,1813,224,83.5,1.1,7,90.0,-2.5
sim-004,peso-muerto,35,8,M,32.6,174.3,24.852073732718893,fat_loss,isquios,bisagra,barra,True,2.5,90.0,8,0.0,0.0,3,3,2160.0,114.0,92.5,92.5,90.0,0.0,0.0,1942.5,114.08333333333334,5.0,-2.7,2.0,4.79,75.93,1840,1813,27,90.9,1.2,7,90.0,0.0
sim-004,peso-muerto,37,9,M,32.6,174.3,24.852073732718893,fat_loss,isquios,bisagra,barra,True,2.5,90.0,8,1.0,1.0,3,3,2160.0,114.0,90.0,92.5,92.5,0.0,0.0,2160.0,114.0,2.0,0.0,2.0,4.79,75.93,1840,1813,27,90.9,1.2,7,90.0,0.0
sim-004,peso-muerto,39,10,M,32.6,174.3,24.852073732718893,fat_loss,isquios,bisagra,barra,True,2.5,90.0,7,0.0,0.0,3,3,1890.0,111.0,90.0,90.0,92.5,1.0,0.0,2160.0,114.0,2.0,0.0,3.0,4.79,75.93,1840,1813,27,90.9,1.2,7,90.0,0.0
sim-004,peso-muerto,42,11,M,32.6,174.3,25.082488479262672,fat_loss,isquios,bisagra,barra,True,2.5,90.0,7,0.0,0.0,3,3,1890.0,111.0,90.0,90.0,90.0,0.0,1.0,1890.0,111.0,3.0,0.0,7.0,5.26,75.88,1739,1813,-74,85.8,1.13,7,87.5,-2.5
sim-004,peso-muerto,49,12,M,32.6,174.3,25.31290322580645,fat_loss,isquios,bisagra,barra,True,2.5,87.5,8,1.0,1.0,3,3,2100.0,110.83333333333333,90.0,90.0,90.0,0.0,0.0,1890.0,111.0,7.0,-2.78,18.0,5.04,76.02,1949,1813,136,124.2,1.63,7,87.5,0.0
sim-004,peso-muerto,67,13,M,32.6,174.3,25.77373271889401,fat_loss,isquios,bisagra,barra,True,2.5,87.5,8,3.0,3.0,3,3,2100.0,110.83333333333333,87.5,90.0,90.0,1.0,0.0,2100.0,110.83333333333333,18.0,0.0,3.0,6.05,75.76,1453,1813,-360,106.3,1.4,7,87.5,0.0
sim-004,peso-muerto,70,14,M,32.6,174.3,26.00414746543779,fat_loss,isquios,bisagra,barra,True,2.5,87.5,8,1.0,1.0,3,3,2100.0,110.83333333333333,87.5,87.5,90.0,3.0,1.0,2100.0,110.83333333333333,3.0,0.0,2.0,5.61,75.71,1813,1813,0,89.1,1.18,7,87.5,0.0
sim-004,peso-muerto,72,15,M,32.6,174.3,26.00414746543779,fat_loss,isquios,bisagra,barra,True,2.5,87.5,8,2.0,2.0,3,3,2100.0,110.83333333333333,87.5,87.5,87.5,1.0,3.0,2100.0,110.83333333333333,2.0,0.0,5.0,5.61,75.71,1813,1813,0,89.1,1.18,7,87.5,0.0
sim-004,peso-muerto,77,16,M,32.6,174.3,26.234562211981565,fat_loss,isquios,bisagra,barra,True,2.5,87.5,8,2.0,2.0,3,3,2100.0,110.83333333333333,87.5,87.5,87.5,2.0,1.0,2100.0,110.83333333333333,5.0,0.0,,4.6,75.62,1667,1813,-146,98.0,1.3,7,,
